-- phpMyAdmin SQL Dump
-- version 4.6.6deb5
-- https://www.phpmyadmin.net/
--
-- Host: localhost
-- Generation Time: Jul 14, 2020 at 10:42 AM
-- Server version: 10.4.11-MariaDB-1:10.4.11+maria~xenial
-- PHP Version: 7.2.24-0ubuntu0.18.04.6

SET SQL_MODE = "NO_AUTO_VALUE_ON_ZERO";
SET time_zone = "+00:00";


/*!40101 SET @OLD_CHARACTER_SET_CLIENT=@@CHARACTER_SET_CLIENT */;
/*!40101 SET @OLD_CHARACTER_SET_RESULTS=@@CHARACTER_SET_RESULTS */;
/*!40101 SET @OLD_COLLATION_CONNECTION=@@COLLATION_CONNECTION */;
/*!40101 SET NAMES utf8mb4 */;

--
-- Database: `mysite_db`
--

-- --------------------------------------------------------

--
-- Table structure for table `bf_activities`
--

CREATE TABLE `bf_activities` (
  `activity_id` bigint(20) NOT NULL,
  `user_id` bigint(20) UNSIGNED NOT NULL DEFAULT 0,
  `activity` varchar(255) NOT NULL,
  `module` varchar(255) NOT NULL,
  `created_on` datetime NOT NULL,
  `deleted` tinyint(12) NOT NULL DEFAULT 0
) ENGINE=InnoDB DEFAULT CHARSET=utf8;

--
-- Dumping data for table `bf_activities`
--

INSERT INTO `bf_activities` (`activity_id`, `user_id`, `activity`, `module`, `created_on`, `deleted`) VALUES
(1, 1, 'logged in from: 127.0.0.1', 'users', '2020-06-30 22:45:41', 0),
(2, 1, 'logged in from: 127.0.0.1', 'users', '2020-07-01 09:39:45', 0),
(3, 1, 'logged in from: 127.0.0.1', 'users', '2020-07-01 20:23:17', 0),
(4, 1, 'logged in from: 127.0.0.1', 'users', '2020-07-02 05:35:57', 0),
(5, 1, 'logged in from: 127.0.0.1', 'users', '2020-07-02 12:10:13', 0),
(6, 1, 'logged in from: 127.0.0.1', 'users', '2020-07-02 21:27:38', 0),
(7, 1, 'logged in from: 127.0.0.1', 'users', '2020-07-02 23:06:07', 0),
(8, 1, 'created a new Administrator: adityas rucitra', 'users', '2020-07-02 23:08:16', 0),
(9, 2, 'logged in from: 127.0.0.1', 'users', '2020-07-02 23:08:54', 0),
(10, 2, 'App settings saved from: 127.0.0.1', 'core', '2020-07-02 23:09:38', 0),
(11, 2, 'App settings saved from: 127.0.0.1', 'core', '2020-07-02 23:10:06', 0),
(12, 2, 'App settings saved from: 127.0.0.1', 'core', '2020-07-02 23:10:27', 0),
(13, 2, 'logged in from: 127.0.0.1', 'users', '2020-07-02 23:10:43', 0),
(14, 1, 'logged in from: 127.0.0.1', 'users', '2020-07-03 00:56:04', 0),
(15, 1, 'logged in from: 127.0.0.1', 'users', '2020-07-03 00:58:13', 0),
(16, 2, 'logged in from: 127.0.0.1', 'users', '2020-07-03 05:03:03', 0),
(17, 1, 'logged in from: 127.0.0.1', 'users', '2020-07-03 05:03:56', 0),
(18, 1, 'logged in from: 127.0.0.1', 'users', '2020-07-03 13:38:43', 0),
(19, 1, 'logged in from: 127.0.0.1', 'users', '2020-07-12 10:15:05', 0),
(20, 2, 'logged in from: 127.0.0.1', 'users', '2020-07-12 10:17:27', 0),
(21, 2, 'logged in from: 127.0.0.1', 'users', '2020-07-12 20:30:58', 0),
(22, 2, 'logged in from: 127.0.0.1', 'users', '2020-07-12 21:23:07', 0),
(23, 2, 'logged in from: 127.0.0.1', 'users', '2020-07-12 21:28:02', 0),
(24, 2, 'logged in from: 127.0.0.1', 'users', '2020-07-12 21:29:20', 0),
(25, 2, 'logged in from: 127.0.0.1', 'users', '2020-07-12 21:33:38', 0),
(26, 2, 'logged in from: 127.0.0.1', 'users', '2020-07-12 21:35:27', 0),
(27, 2, 'logged in from: 127.0.0.1', 'users', '2020-07-12 21:39:30', 0),
(28, 2, 'logged in from: 127.0.0.1', 'users', '2020-07-12 21:42:27', 0),
(29, 2, 'logged in from: 127.0.0.1', 'users', '2020-07-12 21:54:52', 0),
(30, 2, 'logged in from: 127.0.0.1', 'users', '2020-07-12 22:13:12', 0),
(31, 2, 'logged in from: 127.0.0.1', 'users', '2020-07-12 22:20:01', 0),
(32, 2, 'logged in from: 127.0.0.1', 'users', '2020-07-12 22:20:24', 0),
(33, 2, 'logged in from: 127.0.0.1', 'users', '2020-07-12 22:22:55', 0),
(34, 2, 'updated their profile: adityas rucitra', 'users', '2020-07-12 22:33:04', 0),
(35, 2, 'logged in from: 127.0.0.1', 'users', '2020-07-12 22:33:12', 0),
(36, 2, 'updated their profile: adityas rucitra', 'users', '2020-07-12 22:33:33', 0),
(37, 2, 'logged in from: 127.0.0.1', 'users', '2020-07-12 22:33:53', 0),
(38, 2, 'Migrate Type: items_ to Version: 1 from: 127.0.0.1', 'migrations', '2020-07-13 00:15:41', 0),
(39, 2, 'Migration module: items Version: 1 from: 127.0.0.1', 'migrations', '2020-07-13 00:15:41', 0),
(40, 2, 'logged in from: 127.0.0.1', 'users', '2020-07-13 07:44:25', 0),
(41, 2, 'logged in from: 127.0.0.1', 'users', '2020-07-13 12:19:23', 0),
(42, 2, 'logged in from: 127.0.0.1', 'users', '2020-07-14 08:53:08', 0),
(43, 2, 'logged in from: 127.0.0.1', 'users', '2020-07-14 09:17:03', 0),
(44, 2, 'logged in from: 127.0.0.1', 'users', '2020-07-14 09:17:10', 0),
(45, 1, 'logged in from: 127.0.0.1', 'users', '2020-07-14 10:40:15', 0);

-- --------------------------------------------------------

--
-- Table structure for table `bf_ci3_sessions`
--

CREATE TABLE `bf_ci3_sessions` (
  `id` varchar(128) NOT NULL,
  `ip_address` varchar(45) NOT NULL,
  `timestamp` int(10) UNSIGNED NOT NULL DEFAULT 0,
  `data` blob NOT NULL
) ENGINE=InnoDB DEFAULT CHARSET=utf8;

--
-- Dumping data for table `bf_ci3_sessions`
--

INSERT INTO `bf_ci3_sessions` (`id`, `ip_address`, `timestamp`, `data`) VALUES
('05bc65bh964jb989chjsehi6n7t9rkj7', '127.0.0.1', 1593536535, 0x5f5f63695f6c6173745f726567656e65726174657c693a313539333533363236303b7265717565737465645f706167657c733a34323a22687474703a2f2f6d792e736974652e636f6d2f696e6465782e7068702f61646d696e2f636f6e74656e74223b70726576696f75735f706167657c733a34323a22687474703a2f2f6d792e736974652e636f6d2f696e6465782e7068702f61646d696e2f636f6e74656e74223b757365725f69647c733a313a2231223b617574685f637573746f6d7c733a353a2261646d696e223b757365725f746f6b656e7c733a34303a2264306266303735666237336436613163306432343236323965633035643338613635646338363866223b6964656e746974797c733a31393a2261646d696e406d79626f6e666972652e636f6d223b726f6c655f69647c733a313a2231223b6c6f676765645f696e7c623a313b6c616e67756167657c733a373a22656e676c697368223b),
('069a3rhdv4q76ktjkfdj7mvs3a40q9k6', '127.0.0.1', 1594128509, 0x5f5f63695f6c6173745f726567656e65726174657c693a313539343132383530393b7265717565737465645f706167657c733a36333a22687474703a2f2f6d792e736974652e636f6d2f696e6465782e7068702f646f63732f646576656c6f7065722f73746172745f686572652f7475745f626c6f67223b70726576696f75735f706167657c733a36333a22687474703a2f2f6d792e736974652e636f6d2f696e6465782e7068702f646f63732f646576656c6f7065722f73746172745f686572652f7475745f626c6f67223b),
('06vh0hsjgbvf4v3jnih891c9njdnovn9', '127.0.0.1', 1594290260, 0x5f5f63695f6c6173745f726567656e65726174657c693a313539343239303236303b7265717565737465645f706167657c733a36333a22687474703a2f2f6d792e736974652e636f6d2f696e6465782e7068702f646f63732f646576656c6f7065722f73746172745f686572652f7475745f626c6f67223b70726576696f75735f706167657c733a36333a22687474703a2f2f6d792e736974652e636f6d2f696e6465782e7068702f646f63732f646576656c6f7065722f73746172745f686572652f7475745f626c6f67223b),
('0kb384psi8gs0m6vf4rdf81019vlg0sq', '127.0.0.1', 1593712323, 0x5f5f63695f6c6173745f726567656e65726174657c693a313539333731323332333b7265717565737465645f706167657c733a32383a22687474703a2f2f6d792e736974652e636f6d2f696e6465782e706870223b70726576696f75735f706167657c733a32383a22687474703a2f2f6d792e736974652e636f6d2f696e6465782e706870223b),
('0oupaua1gv1lp6fg5i15b369ds620cr2', '127.0.0.1', 1594693102, 0x5f5f63695f6c6173745f726567656e65726174657c693a313539343639333130323b7265717565737465645f706167657c733a34383a22687474703a2f2f6d792e736974652e636f6d2f696e6465782e7068702f61646d696e2f636f6e74656e742f6974656d73223b6d6573736167657c733a34373a226572726f723a3a596f75206d757374206265206c6f6767656420696e20746f2076696577207468617420706167652e223b5f5f63695f766172737c613a313a7b733a373a226d657373616765223b733a333a226e6577223b7d),
('17qt3rcm94ef72jjbcrl4e7f0b2jcf1r', '127.0.0.1', 1594604871, 0x5f5f63695f6c6173745f726567656e65726174657c693a313539343630343837313b7265717565737465645f706167657c733a35363a22687474703a2f2f6d792e736974652e636f6d2f696e6465782e7068702f61646d696e2f636f6e74656e742f6974656d732f6765744974656d223b757365725f69647c733a313a2232223b617574685f637573746f6d7c733a373a2261646974796173223b757365725f746f6b656e7c733a34303a2264653366353061623034316638323164616132393166376635343364393732623734346232383832223b6964656e746974797c733a373a2261646974796173223b726f6c655f69647c733a313a2231223b6c6f676765645f696e7c623a313b6c616e67756167657c733a373a22656e676c697368223b70726576696f75735f706167657c733a35363a22687474703a2f2f6d792e736974652e636f6d2f696e6465782e7068702f61646d696e2f636f6e74656e742f6974656d732f6765744974656d223b),
('1hs4d8jpco6o9mmv310rg54km21dqbu9', '127.0.0.1', 1594693517, 0x5f5f63695f6c6173745f726567656e65726174657c693a313539343639333531373b7265717565737465645f706167657c733a34383a22687474703a2f2f6d792e736974652e636f6d2f696e6465782e7068702f61646d696e2f636f6e74656e742f6974656d73223b70726576696f75735f706167657c733a34383a22687474703a2f2f6d792e736974652e636f6d2f696e6465782e7068702f61646d696e2f636f6e74656e742f6974656d73223b757365725f69647c733a313a2232223b617574685f637573746f6d7c733a373a2261646974796173223b757365725f746f6b656e7c733a34303a2264653366353061623034316638323164616132393166376635343364393732623734346232383832223b6964656e746974797c733a373a2261646974796173223b726f6c655f69647c733a313a2231223b6c6f676765645f696e7c623a313b6c616e67756167657c733a373a22656e676c697368223b),
('1k5m586m9k0ktu5adbgrfbofn7fb40ji', '127.0.0.1', 1594016561, 0x5f5f63695f6c6173745f726567656e65726174657c693a313539343031363430333b7265717565737465645f706167657c733a36333a22687474703a2f2f6d792e736974652e636f6d2f696e6465782e7068702f646f63732f646576656c6f7065722f73746172745f686572652f7475745f626c6f67223b70726576696f75735f706167657c733a36333a22687474703a2f2f6d792e736974652e636f6d2f696e6465782e7068702f646f63732f646576656c6f7065722f73746172745f686572652f7475745f626c6f67223b),
('1uqprndfj8uc972jgo5a29805quqe62c', '127.0.0.1', 1594567193, 0x5f5f63695f6c6173745f726567656e65726174657c693a313539343536373139333b7265717565737465645f706167657c733a32383a22687474703a2f2f6d792e736974652e636f6d2f696e6465782e706870223b70726576696f75735f706167657c733a32383a22687474703a2f2f6d792e736974652e636f6d2f696e6465782e706870223b757365725f69647c733a313a2232223b617574685f637573746f6d7c733a373a2261646974796173223b757365725f746f6b656e7c733a34303a2264613361333436643362613635393637396563333438326330383538353966306166666531353962223b6964656e746974797c733a373a2261646974796173223b726f6c655f69647c733a313a2231223b6c6f676765645f696e7c623a313b),
('2ceeb93pnr2tcmfjik07a94uim86e2oi', '127.0.0.1', 1594561997, 0x5f5f63695f6c6173745f726567656e65726174657c693a313539343536313939373b7265717565737465645f706167657c733a32383a22687474703a2f2f6d792e736974652e636f6d2f696e6465782e706870223b70726576696f75735f706167657c733a32383a22687474703a2f2f6d792e736974652e636f6d2f696e6465782e706870223b),
('2cjj2m0ogrfbq68vulcep94jpdfee5g1', '127.0.0.1', 1593703669, 0x5f5f63695f6c6173745f726567656e65726174657c693a313539333730333636393b7265717565737465645f706167657c733a34323a22687474703a2f2f6d792e736974652e636f6d2f696e6465782e7068702f61646d696e2f636f6e74656e74223b757365725f69647c733a313a2231223b617574685f637573746f6d7c733a353a2261646d696e223b757365725f746f6b656e7c733a34303a2264306266303735666237336436613163306432343236323965633035643338613635646338363866223b6964656e746974797c733a31393a2261646d696e406d79626f6e666972652e636f6d223b726f6c655f69647c733a313a2231223b6c6f676765645f696e7c623a313b6c616e67756167657c733a373a22656e676c697368223b70726576696f75735f706167657c733a34323a22687474703a2f2f6d792e736974652e636f6d2f696e6465782e7068702f61646d696e2f636f6e74656e74223b),
('2ke6j9kl3g2m2e8tsdmblmqi1r6dmf81', '127.0.0.1', 1594698015, 0x5f5f63695f6c6173745f726567656e65726174657c693a313539343639373937323b7265717565737465645f706167657c733a32383a22687474703a2f2f6d792e736974652e636f6d2f696e6465782e706870223b70726576696f75735f706167657c733a32383a22687474703a2f2f6d792e736974652e636f6d2f696e6465782e706870223b757365725f69647c733a313a2231223b617574685f637573746f6d7c733a353a2261646d696e223b757365725f746f6b656e7c733a34303a2264306266303735666237336436613163306432343236323965633035643338613635646338363866223b6964656e746974797c733a353a2261646d696e223b726f6c655f69647c733a313a2231223b6c6f676765645f696e7c623a313b),
('2luflem5odoc81640l0d3nnaqssv4rrb', '127.0.0.1', 1594178331, 0x5f5f63695f6c6173745f726567656e65726174657c693a313539343137383333313b7265717565737465645f706167657c733a36333a22687474703a2f2f6d792e736974652e636f6d2f696e6465782e7068702f646f63732f646576656c6f7065722f73746172745f686572652f7475745f626c6f67223b70726576696f75735f706167657c733a36333a22687474703a2f2f6d792e736974652e636f6d2f696e6465782e7068702f646f63732f646576656c6f7065722f73746172745f686572652f7475745f626c6f67223b),
('2n9u9klm0bl24i30brghdvv2bdajbl88', '127.0.0.1', 1593533000, 0x5f5f63695f6c6173745f726567656e65726174657c693a313539333533333030303b7265717565737465645f706167657c733a34323a22687474703a2f2f6d792e736974652e636f6d2f696e6465782e7068702f61646d696e2f636f6e74656e74223b70726576696f75735f706167657c733a34323a22687474703a2f2f6d792e736974652e636f6d2f696e6465782e7068702f61646d696e2f636f6e74656e74223b757365725f69647c733a313a2231223b617574685f637573746f6d7c733a353a2261646d696e223b757365725f746f6b656e7c733a34303a2264306266303735666237336436613163306432343236323965633035643338613635646338363866223b6964656e746974797c733a31393a2261646d696e406d79626f6e666972652e636f6d223b726f6c655f69647c733a313a2231223b6c6f676765645f696e7c623a313b6c616e67756167657c733a373a22656e676c697368223b),
('303ee8nfvsvo6rqcquskn34u5llrb3pi', '127.0.0.1', 1594624522, 0x5f5f63695f6c6173745f726567656e65726174657c693a313539343632343532323b757365725f69647c733a313a2232223b617574685f637573746f6d7c733a373a2261646974796173223b757365725f746f6b656e7c733a34303a2264653366353061623034316638323164616132393166376635343364393732623734346232383832223b6964656e746974797c733a373a2261646974796173223b726f6c655f69647c733a313a2231223b6c6f676765645f696e7c623a313b7265717565737465645f706167657c733a36333a22687474703a2f2f6d792e736974652e636f6d2f696e6465782e7068702f646f63732f646576656c6f7065722f73746172745f686572652f7475745f626c6f67223b70726576696f75735f706167657c733a36333a22687474703a2f2f6d792e736974652e636f6d2f696e6465782e7068702f646f63732f646576656c6f7065722f73746172745f686572652f7475745f626c6f67223b6c616e67756167657c733a373a22656e676c697368223b),
('33mpf4jkc7qomqkqu97nvi56ptp4q9pn', '127.0.0.1', 1594575838, 0x5f5f63695f6c6173745f726567656e65726174657c693a313539343537353833383b7265717565737465645f706167657c733a34383a22687474703a2f2f6d792e736974652e636f6d2f696e6465782e7068702f61646d696e2f636f6e74656e742f6974656d73223b70726576696f75735f706167657c733a34383a22687474703a2f2f6d792e736974652e636f6d2f696e6465782e7068702f61646d696e2f636f6e74656e742f6974656d73223b757365725f69647c733a313a2232223b617574685f637573746f6d7c733a373a2261646974796173223b757365725f746f6b656e7c733a34303a2264653366353061623034316638323164616132393166376635343364393732623734346232383832223b6964656e746974797c733a373a2261646974796173223b726f6c655f69647c733a313a2231223b6c6f676765645f696e7c623a313b6c616e67756167657c733a373a22656e676c697368223b),
('3e171bveu47r9804kt6e3rpn1k6renkv', '127.0.0.1', 1594561012, 0x5f5f63695f6c6173745f726567656e65726174657c693a313539343536313031323b7265717565737465645f706167657c733a32383a22687474703a2f2f6d792e736974652e636f6d2f696e6465782e706870223b70726576696f75735f706167657c733a32383a22687474703a2f2f6d792e736974652e636f6d2f696e6465782e706870223b),
('3k8aqdc8ej6dqlfkj52v0aauhuogul2i', '127.0.0.1', 1593970591, 0x5f5f63695f6c6173745f726567656e65726174657c693a313539333937303539313b7265717565737465645f706167657c733a36373a22687474703a2f2f6d792e736974652e636f6d2f696e6465782e7068702f646f63732f646576656c6f7065722f62617369635f636f6e63657074732f636f6e7465787473223b70726576696f75735f706167657c733a36373a22687474703a2f2f6d792e736974652e636f6d2f696e6465782e7068702f646f63732f646576656c6f7065722f62617369635f636f6e63657074732f636f6e7465787473223b),
('3r52eado1vu8gp4iu9grm55pjs1gqvqp', '127.0.0.1', 1594572217, 0x5f5f63695f6c6173745f726567656e65726174657c693a313539343537323231373b7265717565737465645f706167657c733a32383a22687474703a2f2f6d792e736974652e636f6d2f696e6465782e706870223b70726576696f75735f706167657c733a32383a22687474703a2f2f6d792e736974652e636f6d2f696e6465782e706870223b757365725f69647c733a313a2232223b617574685f637573746f6d7c733a373a2261646974796173223b757365725f746f6b656e7c733a34303a2264653366353061623034316638323164616132393166376635343364393732623734346232383832223b6964656e746974797c733a373a2261646974796173223b726f6c655f69647c733a313a2231223b6c6f676765645f696e7c623a313b6c616e67756167657c733a373a22656e676c697368223b),
('3u67smgnuabjd9oqki52gt9md6a483rq', '127.0.0.1', 1593995777, 0x5f5f63695f6c6173745f726567656e65726174657c693a313539333939353737373b7265717565737465645f706167657c733a37333a22687474703a2f2f6d792e736974652e636f6d2f696e6465782e7068702f646f63732f646576656c6f7065722f62617369635f636f6e63657074732f626f6e666972655f6d6f64656c73223b70726576696f75735f706167657c733a37333a22687474703a2f2f6d792e736974652e636f6d2f696e6465782e7068702f646f63732f646576656c6f7065722f62617369635f636f6e63657074732f626f6e666972655f6d6f64656c73223b),
('4775ktnet20uvl7a7ush9k2hncdbold0', '127.0.0.1', 1593758393, 0x5f5f63695f6c6173745f726567656e65726174657c693a313539333735383331343b7265717565737465645f706167657c733a36373a22687474703a2f2f6d792e736974652e636f6d2f696e6465782e7068702f61646d696e2f7265706f7274732f616374697669746965732f61637469766974795f64617465223b70726576696f75735f706167657c733a36373a22687474703a2f2f6d792e736974652e636f6d2f696e6465782e7068702f61646d696e2f7265706f7274732f616374697669746965732f61637469766974795f64617465223b757365725f69647c733a313a2231223b617574685f637573746f6d7c733a353a2261646d696e223b757365725f746f6b656e7c733a34303a2264306266303735666237336436613163306432343236323965633035643338613635646338363866223b6964656e746974797c733a353a2261646d696e223b726f6c655f69647c733a313a2231223b6c6f676765645f696e7c623a313b6c616e67756167657c733a373a22656e676c697368223b),
('48okri9u94i3c2o7austu9bd98uklb7s', '127.0.0.1', 1593534133, 0x5f5f63695f6c6173745f726567656e65726174657c693a313539333533343133333b7265717565737465645f706167657c733a34323a22687474703a2f2f6d792e736974652e636f6d2f696e6465782e7068702f61646d696e2f636f6e74656e74223b70726576696f75735f706167657c733a34323a22687474703a2f2f6d792e736974652e636f6d2f696e6465782e7068702f61646d696e2f636f6e74656e74223b757365725f69647c733a313a2231223b617574685f637573746f6d7c733a353a2261646d696e223b757365725f746f6b656e7c733a34303a2264306266303735666237336436613163306432343236323965633035643338613635646338363866223b6964656e746974797c733a31393a2261646d696e406d79626f6e666972652e636f6d223b726f6c655f69647c733a313a2231223b6c6f676765645f696e7c623a313b6c616e67756167657c733a373a22656e676c697368223b),
('4dtghe1hb0nofu1v6lcsd1n14563lj42', '127.0.0.1', 1594100013, 0x5f5f63695f6c6173745f726567656e65726174657c693a313539343130303031333b7265717565737465645f706167657c733a37333a22687474703a2f2f6d792e736974652e636f6d2f696e6465782e7068702f646f63732f646576656c6f7065722f62617369635f636f6e63657074732f626f6e666972655f6d6f64656c73223b70726576696f75735f706167657c733a37333a22687474703a2f2f6d792e736974652e636f6d2f696e6465782e7068702f646f63732f646576656c6f7065722f62617369635f636f6e63657074732f626f6e666972655f6d6f64656c73223b),
('4lj5skhpvq4p2utvjsgsnamjiemc7vrt', '127.0.0.1', 1594693274, 0x5f5f63695f6c6173745f726567656e65726174657c693a313539343639333237343b7265717565737465645f706167657c733a35363a22687474703a2f2f6d792e736974652e636f6d2f696e6465782e7068702f61646d696e2f636f6e74656e742f6974656d732f6765744974656d223b70726576696f75735f706167657c733a35363a22687474703a2f2f6d792e736974652e636f6d2f696e6465782e7068702f61646d696e2f636f6e74656e742f6974656d732f6765744974656d223b757365725f69647c733a313a2232223b617574685f637573746f6d7c733a373a2261646974796173223b757365725f746f6b656e7c733a34303a2264653366353061623034316638323164616132393166376635343364393732623734346232383832223b6964656e746974797c733a373a2261646974796173223b726f6c655f69647c733a313a2231223b6c6f676765645f696e7c623a313b6c616e67756167657c733a373a22656e676c697368223b),
('5eg143q06faeglis2vr8pvlhc8h9nu6v', '127.0.0.1', 1593613633, 0x5f5f63695f6c6173745f726567656e65726174657c693a313539333631333633333b7265717565737465645f706167657c733a35353a22687474703a2f2f6d792e736974652e636f6d2f696e6465782e7068702f61646d696e2f646576656c6f7065722f6d6967726174696f6e73223b757365725f69647c733a313a2231223b617574685f637573746f6d7c733a353a2261646d696e223b757365725f746f6b656e7c733a34303a2264306266303735666237336436613163306432343236323965633035643338613635646338363866223b6964656e746974797c733a31393a2261646d696e406d79626f6e666972652e636f6d223b726f6c655f69647c733a313a2231223b6c6f676765645f696e7c623a313b6c616e67756167657c733a373a22656e676c697368223b70726576696f75735f706167657c733a35353a22687474703a2f2f6d792e736974652e636f6d2f696e6465782e7068702f61646d696e2f646576656c6f7065722f6d6967726174696f6e73223b),
('5i4p68je55bt8t4hjf00ufqq5sj1et2u', '127.0.0.1', 1593704403, 0x5f5f63695f6c6173745f726567656e65726174657c693a313539333730343430333b7265717565737465645f706167657c733a34323a22687474703a2f2f6d792e736974652e636f6d2f696e6465782e7068702f61646d696e2f636f6e74656e74223b757365725f69647c733a313a2231223b617574685f637573746f6d7c733a353a2261646d696e223b757365725f746f6b656e7c733a34303a2264306266303735666237336436613163306432343236323965633035643338613635646338363866223b6964656e746974797c733a31393a2261646d696e406d79626f6e666972652e636f6d223b726f6c655f69647c733a313a2231223b6c6f676765645f696e7c623a313b6c616e67756167657c733a373a22656e676c697368223b70726576696f75735f706167657c733a34323a22687474703a2f2f6d792e736974652e636f6d2f696e6465782e7068702f61646d696e2f636f6e74656e74223b),
('5niarfv900h9tndp20fuobm4dtqrdsal', '127.0.0.1', 1593534982, 0x5f5f63695f6c6173745f726567656e65726174657c693a313539333533343938323b7265717565737465645f706167657c733a34323a22687474703a2f2f6d792e736974652e636f6d2f696e6465782e7068702f61646d696e2f636f6e74656e74223b70726576696f75735f706167657c733a34323a22687474703a2f2f6d792e736974652e636f6d2f696e6465782e7068702f61646d696e2f636f6e74656e74223b757365725f69647c733a313a2231223b617574685f637573746f6d7c733a353a2261646d696e223b757365725f746f6b656e7c733a34303a2264306266303735666237336436613163306432343236323965633035643338613635646338363866223b6964656e746974797c733a31393a2261646d696e406d79626f6e666972652e636f6d223b726f6c655f69647c733a313a2231223b6c6f676765645f696e7c623a313b6c616e67756167657c733a373a22656e676c697368223b),
('5t0bermmap5uudruelaivduqc8b2tqnt', '127.0.0.1', 1593972169, 0x5f5f63695f6c6173745f726567656e65726174657c693a313539333937323136393b7265717565737465645f706167657c733a36333a22687474703a2f2f6d792e736974652e636f6d2f696e6465782e7068702f646f63732f646576656c6f7065722f73746172745f686572652f7475745f626c6f67223b70726576696f75735f706167657c733a36333a22687474703a2f2f6d792e736974652e636f6d2f696e6465782e7068702f646f63732f646576656c6f7065722f73746172745f686572652f7475745f626c6f67223b),
('61e5hnh3uj3ani8snaj5h8gtbfcpd12n', '127.0.0.1', 1594562828, 0x5f5f63695f6c6173745f726567656e65726174657c693a313539343536323832383b7265717565737465645f706167657c733a32383a22687474703a2f2f6d792e736974652e636f6d2f696e6465782e706870223b70726576696f75735f706167657c733a32383a22687474703a2f2f6d792e736974652e636f6d2f696e6465782e706870223b),
('6566p91037cjhvmadn2610gaetm7e7oj', '127.0.0.1', 1593613140, 0x5f5f63695f6c6173745f726567656e65726174657c693a313539333631333134303b7265717565737465645f706167657c733a34323a22687474703a2f2f6d792e736974652e636f6d2f696e6465782e7068702f61646d696e2f636f6e74656e74223b757365725f69647c733a313a2231223b617574685f637573746f6d7c733a353a2261646d696e223b757365725f746f6b656e7c733a34303a2264306266303735666237336436613163306432343236323965633035643338613635646338363866223b6964656e746974797c733a31393a2261646d696e406d79626f6e666972652e636f6d223b726f6c655f69647c733a313a2231223b6c6f676765645f696e7c623a313b6c616e67756167657c733a373a22656e676c697368223b70726576696f75735f706167657c733a34323a22687474703a2f2f6d792e736974652e636f6d2f696e6465782e7068702f61646d696e2f636f6e74656e74223b),
('6fjpih8e549adl3hv4gkvoiaruo2intp', '127.0.0.1', 1593702129, 0x5f5f63695f6c6173745f726567656e65726174657c693a313539333730323132393b7265717565737465645f706167657c733a35323a22687474703a2f2f6d792e736974652e636f6d2f696e6465782e7068702f61646d696e2f646576656c6f7065722f737973696e666f223b757365725f69647c733a313a2231223b617574685f637573746f6d7c733a353a2261646d696e223b757365725f746f6b656e7c733a34303a2264306266303735666237336436613163306432343236323965633035643338613635646338363866223b6964656e746974797c733a31393a2261646d696e406d79626f6e666972652e636f6d223b726f6c655f69647c733a313a2231223b6c6f676765645f696e7c623a313b6c616e67756167657c733a373a22656e676c697368223b70726576696f75735f706167657c733a35323a22687474703a2f2f6d792e736974652e636f6d2f696e6465782e7068702f61646d696e2f646576656c6f7065722f737973696e666f223b),
('6r5isrv1e5hcejq52pv9su26l89p79fk', '127.0.0.1', 1594693876, 0x5f5f63695f6c6173745f726567656e65726174657c693a313539343639333837363b7265717565737465645f706167657c733a35363a22687474703a2f2f6d792e736974652e636f6d2f696e6465782e7068702f61646d696e2f636f6e74656e742f6974656d732f6765744974656d223b70726576696f75735f706167657c733a35363a22687474703a2f2f6d792e736974652e636f6d2f696e6465782e7068702f61646d696e2f636f6e74656e742f6974656d732f6765744974656d223b757365725f69647c733a313a2232223b617574685f637573746f6d7c733a373a2261646974796173223b757365725f746f6b656e7c733a34303a2264653366353061623034316638323164616132393166376635343364393732623734346232383832223b6964656e746974797c733a373a2261646974796173223b726f6c655f69647c733a313a2231223b6c6f676765645f696e7c623a313b6c616e67756167657c733a373a22656e676c697368223b),
('76coh9uq7fvo96uus5i21nfd587hkqe5', '127.0.0.1', 1594564147, 0x5f5f63695f6c6173745f726567656e65726174657c693a313539343536343134373b7265717565737465645f706167657c733a32383a22687474703a2f2f6d792e736974652e636f6d2f696e6465782e706870223b70726576696f75735f706167657c733a32383a22687474703a2f2f6d792e736974652e636f6d2f696e6465782e706870223b757365725f69647c733a313a2232223b617574685f637573746f6d7c733a373a2261646974796173223b757365725f746f6b656e7c733a34303a2264613361333436643362613635393637396563333438326330383538353966306166666531353962223b6964656e746974797c733a373a2261646974796173223b726f6c655f69647c733a313a2231223b6c6f676765645f696e7c623a313b),
('826esm4tg88pv1v0a9ilhlopn9blgut1', '127.0.0.1', 1593711217, 0x5f5f63695f6c6173745f726567656e65726174657c693a313539333731313231373b7265717565737465645f706167657c733a34323a22687474703a2f2f6d792e736974652e636f6d2f696e6465782e7068702f61646d696e2f636f6e74656e74223b70726576696f75735f706167657c733a34323a22687474703a2f2f6d792e736974652e636f6d2f696e6465782e7068702f61646d696e2f636f6e74656e74223b757365725f69647c733a313a2232223b617574685f637573746f6d7c733a373a2261646974796173223b757365725f746f6b656e7c733a34303a2264613361333436643362613635393637396563333438326330383538353966306166666531353962223b6964656e746974797c733a373a2261646974796173223b726f6c655f69647c733a313a2231223b6c6f676765645f696e7c623a313b6c616e67756167657c733a373a22656e676c697368223b),
('82m6fhapcml7o8u3gu45juu8nnfkbdnq', '127.0.0.1', 1594606838, 0x5f5f63695f6c6173745f726567656e65726174657c693a313539343630363833383b7265717565737465645f706167657c733a32383a22687474703a2f2f6d792e736974652e636f6d2f696e6465782e706870223b70726576696f75735f706167657c733a32383a22687474703a2f2f6d792e736974652e636f6d2f696e6465782e706870223b),
('8fu5k6s2dsqmvc1svkvh8tcho9ga342r', '127.0.0.1', 1593534491, 0x5f5f63695f6c6173745f726567656e65726174657c693a313539333533343439313b7265717565737465645f706167657c733a34323a22687474703a2f2f6d792e736974652e636f6d2f696e6465782e7068702f61646d696e2f636f6e74656e74223b70726576696f75735f706167657c733a34323a22687474703a2f2f6d792e736974652e636f6d2f696e6465782e7068702f61646d696e2f636f6e74656e74223b757365725f69647c733a313a2231223b617574685f637573746f6d7c733a353a2261646d696e223b757365725f746f6b656e7c733a34303a2264306266303735666237336436613163306432343236323965633035643338613635646338363866223b6964656e746974797c733a31393a2261646d696e406d79626f6e666972652e636f6d223b726f6c655f69647c733a313a2231223b6c6f676765645f696e7c623a313b6c616e67756167657c733a373a22656e676c697368223b),
('8jdjh1she44fsnn5lj3k7733ctq6r2aa', '127.0.0.1', 1593779314, 0x5f5f63695f6c6173745f726567656e65726174657c693a313539333737393330313b7265717565737465645f706167657c733a36333a22687474703a2f2f6d792e736974652e636f6d2f696e6465782e7068702f646f63732f646576656c6f7065722f73746172745f686572652f7475745f626c6f67223b70726576696f75735f706167657c733a36333a22687474703a2f2f6d792e736974652e636f6d2f696e6465782e7068702f646f63732f646576656c6f7065722f73746172745f686572652f7475745f626c6f67223b),
('90op57onini9735l8tc2o11sgtu5cd23', '127.0.0.1', 1594560658, 0x5f5f63695f6c6173745f726567656e65726174657c693a313539343536303635383b),
('913qd1h4hs0d73if263qubeo5sri1h17', '127.0.0.1', 1593535953, 0x5f5f63695f6c6173745f726567656e65726174657c693a313539333533353935333b7265717565737465645f706167657c733a34323a22687474703a2f2f6d792e736974652e636f6d2f696e6465782e7068702f61646d696e2f636f6e74656e74223b70726576696f75735f706167657c733a34323a22687474703a2f2f6d792e736974652e636f6d2f696e6465782e7068702f61646d696e2f636f6e74656e74223b757365725f69647c733a313a2231223b617574685f637573746f6d7c733a353a2261646d696e223b757365725f746f6b656e7c733a34303a2264306266303735666237336436613163306432343236323965633035643338613635646338363866223b6964656e746974797c733a31393a2261646d696e406d79626f6e666972652e636f6d223b726f6c655f69647c733a313a2231223b6c6f676765645f696e7c623a313b6c616e67756167657c733a373a22656e676c697368223b),
('9dk8ov3ga8v7mcs7nf288thni1milupk', '127.0.0.1', 1594016403, 0x5f5f63695f6c6173745f726567656e65726174657c693a313539343031363430333b7265717565737465645f706167657c733a37333a22687474703a2f2f6d792e736974652e636f6d2f696e6465782e7068702f646f63732f646576656c6f7065722f62617369635f636f6e63657074732f626f6e666972655f6d6f64656c73223b70726576696f75735f706167657c733a37333a22687474703a2f2f6d792e736974652e636f6d2f696e6465782e7068702f646f63732f646576656c6f7065722f62617369635f636f6e63657074732f626f6e666972655f6d6f64656c73223b),
('9i7h1n86qr1b4i0hvm646mmn7d9hgdla', '127.0.0.1', 1593972190, 0x5f5f63695f6c6173745f726567656e65726174657c693a313539333937323136393b7265717565737465645f706167657c733a37333a22687474703a2f2f6d792e736974652e636f6d2f696e6465782e7068702f646f63732f646576656c6f7065722f62617369635f636f6e63657074732f626f6e666972655f6d6f64656c73223b70726576696f75735f706167657c733a37333a22687474703a2f2f6d792e736974652e636f6d2f696e6465782e7068702f646f63732f646576656c6f7065722f62617369635f636f6e63657074732f626f6e666972655f6d6f64656c73223b),
('9lkv435f03qp0fhqqtv9j5nad7re3tfn', '127.0.0.1', 1594568194, 0x5f5f63695f6c6173745f726567656e65726174657c693a313539343536383139343b7265717565737465645f706167657c733a34323a22687474703a2f2f6d792e736974652e636f6d2f696e6465782e7068702f61646d696e2f636f6e74656e74223b70726576696f75735f706167657c733a34323a22687474703a2f2f6d792e736974652e636f6d2f696e6465782e7068702f61646d696e2f636f6e74656e74223b757365725f69647c733a313a2232223b617574685f637573746f6d7c733a373a2261646974796173223b757365725f746f6b656e7c733a34303a2264653366353061623034316638323164616132393166376635343364393732623734346232383832223b6964656e746974797c733a373a2261646974796173223b726f6c655f69647c733a313a2231223b6c6f676765645f696e7c623a313b6c616e67756167657c733a373a22656e676c697368223b),
('9mvtemgshmi6sgs6bl3klmdg9h71kjo0', '127.0.0.1', 1594574118, 0x5f5f63695f6c6173745f726567656e65726174657c693a313539343537343131383b7265717565737465645f706167657c733a36333a22687474703a2f2f6d792e736974652e636f6d2f696e6465782e7068702f646f63732f646576656c6f7065722f73746172745f686572652f7475745f626c6f67223b70726576696f75735f706167657c733a36333a22687474703a2f2f6d792e736974652e636f6d2f696e6465782e7068702f646f63732f646576656c6f7065722f73746172745f686572652f7475745f626c6f67223b757365725f69647c733a313a2232223b617574685f637573746f6d7c733a373a2261646974796173223b757365725f746f6b656e7c733a34303a2264653366353061623034316638323164616132393166376635343364393732623734346232383832223b6964656e746974797c733a373a2261646974796173223b726f6c655f69647c733a313a2231223b6c6f676765645f696e7c623a313b6c616e67756167657c733a373a22656e676c697368223b),
('9t6ec22h7km238i27kke9a2mjcnclpmu', '127.0.0.1', 1594559840, 0x5f5f63695f6c6173745f726567656e65726174657c693a313539343535393834303b),
('at2mdmce4dft45v1lc0r08bveiv9a07f', '127.0.0.1', 1593729878, 0x5f5f63695f6c6173745f726567656e65726174657c693a313539333732393837383b7265717565737465645f706167657c733a35333a22687474703a2f2f6d792e736974652e636f6d2f696e6465782e7068702f61646d696e2f7265706f7274732f61637469766974696573223b70726576696f75735f706167657c733a35333a22687474703a2f2f6d792e736974652e636f6d2f696e6465782e7068702f61646d696e2f7265706f7274732f61637469766974696573223b757365725f69647c733a313a2231223b617574685f637573746f6d7c733a353a2261646d696e223b757365725f746f6b656e7c733a34303a2264306266303735666237336436613163306432343236323965633035643338613635646338363866223b6964656e746974797c733a353a2261646d696e223b726f6c655f69647c733a313a2231223b6c6f676765645f696e7c623a313b6c616e67756167657c733a373a22656e676c697368223b),
('b24hhdprspn3p73vd318es88nc4nmc6b', '127.0.0.1', 1593996289, 0x5f5f63695f6c6173745f726567656e65726174657c693a313539333939363139343b7265717565737465645f706167657c733a36333a22687474703a2f2f6d792e736974652e636f6d2f696e6465782e7068702f646f63732f646576656c6f7065722f73746172745f686572652f7475745f626c6f67223b70726576696f75735f706167657c733a36333a22687474703a2f2f6d792e736974652e636f6d2f696e6465782e7068702f646f63732f646576656c6f7065722f73746172745f686572652f7475745f626c6f67223b),
('b783lm5n8udtrqd3afe57ij5b96ulesj', '127.0.0.1', 1593730405, 0x5f5f63695f6c6173745f726567656e65726174657c693a313539333733303430353b7265717565737465645f706167657c733a34393a22687474703a2f2f6d792e736974652e636f6d2f696e6465782e7068702f61646d696e2f73657474696e67732f7573657273223b70726576696f75735f706167657c733a34393a22687474703a2f2f6d792e736974652e636f6d2f696e6465782e7068702f61646d696e2f73657474696e67732f7573657273223b757365725f69647c733a313a2231223b617574685f637573746f6d7c733a353a2261646d696e223b757365725f746f6b656e7c733a34303a2264306266303735666237336436613163306432343236323965633035643338613635646338363866223b6964656e746974797c733a353a2261646d696e223b726f6c655f69647c733a313a2231223b6c6f676765645f696e7c623a313b6c616e67756167657c733a373a22656e676c697368223b),
('bbdl21ppgjq2paiirad5ptjt6h2lc8p0', '127.0.0.1', 1594576575, 0x5f5f63695f6c6173745f726567656e65726174657c693a313539343537363337323b7265717565737465645f706167657c733a35363a22687474703a2f2f6d792e736974652e636f6d2f696e6465782e7068702f61646d696e2f636f6e74656e742f6974656d732f6765744974656d223b70726576696f75735f706167657c733a35363a22687474703a2f2f6d792e736974652e636f6d2f696e6465782e7068702f61646d696e2f636f6e74656e742f6974656d732f6765744974656d223b757365725f69647c733a313a2232223b617574685f637573746f6d7c733a373a2261646974796173223b757365725f746f6b656e7c733a34303a2264653366353061623034316638323164616132393166376635343364393732623734346232383832223b6964656e746974797c733a373a2261646974796173223b726f6c655f69647c733a313a2231223b6c6f676765645f696e7c623a313b6c616e67756167657c733a373a22656e676c697368223b),
('bj15omoj0s1fp0rh7arpe06rea5i186i', '127.0.0.1', 1593643380, 0x5f5f63695f6c6173745f726567656e65726174657c693a313539333634333337363b7265717565737465645f706167657c733a34323a22687474703a2f2f6d792e736974652e636f6d2f696e6465782e7068702f61646d696e2f636f6e74656e74223b757365725f69647c733a313a2231223b617574685f637573746f6d7c733a353a2261646d696e223b757365725f746f6b656e7c733a34303a2264306266303735666237336436613163306432343236323965633035643338613635646338363866223b6964656e746974797c733a31393a2261646d696e406d79626f6e666972652e636f6d223b726f6c655f69647c733a313a2231223b6c6f676765645f696e7c623a313b6c616e67756167657c733a373a22656e676c697368223b70726576696f75735f706167657c733a34323a22687474703a2f2f6d792e736974652e636f6d2f696e6465782e7068702f61646d696e2f636f6e74656e74223b),
('bnhsrf516i4rrif7fqbnnl6c54p8mdsa', '127.0.0.1', 1594563593, 0x5f5f63695f6c6173745f726567656e65726174657c693a313539343536333539333b7265717565737465645f706167657c733a32383a22687474703a2f2f6d792e736974652e636f6d2f696e6465782e706870223b70726576696f75735f706167657c733a32383a22687474703a2f2f6d792e736974652e636f6d2f696e6465782e706870223b),
('bodigbsote85pfpgohhb13fkgqqq3m1v', '127.0.0.1', 1594529148, 0x5f5f63695f6c6173745f726567656e65726174657c693a313539343532393134383b7265717565737465645f706167657c733a32383a22687474703a2f2f6d792e736974652e636f6d2f696e6465782e706870223b70726576696f75735f706167657c733a32383a22687474703a2f2f6d792e736974652e636f6d2f696e6465782e706870223b),
('cmphqb36nnhj01dcme79qlcpvh8sf0dv', '127.0.0.1', 1594693112, 0x5f5f63695f6c6173745f726567656e65726174657c693a313539343639333131323b7265717565737465645f706167657c733a32383a22687474703a2f2f6d792e736974652e636f6d2f696e6465782e706870223b70726576696f75735f706167657c733a32383a22687474703a2f2f6d792e736974652e636f6d2f696e6465782e706870223b),
('d6quspias9o0fbkm6jlr5mcn5563ntn2', '127.0.0.1', 1594098990, 0x5f5f63695f6c6173745f726567656e65726174657c693a313539343039383939303b7265717565737465645f706167657c733a37333a22687474703a2f2f6d792e736974652e636f6d2f696e6465782e7068702f646f63732f646576656c6f7065722f62617369635f636f6e63657074732f626f6e666972655f6d6f64656c73223b70726576696f75735f706167657c733a37333a22687474703a2f2f6d792e736974652e636f6d2f696e6465782e7068702f646f63732f646576656c6f7065722f62617369635f636f6e63657074732f626f6e666972655f6d6f64656c73223b),
('ecp5d905h4gm89j1hbqjv86e5d36o0u1', '127.0.0.1', 1594567823, 0x5f5f63695f6c6173745f726567656e65726174657c693a313539343536373832333b7265717565737465645f706167657c733a34323a22687474703a2f2f6d792e736974652e636f6d2f696e6465782e7068702f61646d696e2f636f6e74656e74223b70726576696f75735f706167657c733a34323a22687474703a2f2f6d792e736974652e636f6d2f696e6465782e7068702f61646d696e2f636f6e74656e74223b757365725f69647c733a313a2232223b617574685f637573746f6d7c733a373a2261646974796173223b757365725f746f6b656e7c733a34303a2264613361333436643362613635393637396563333438326330383538353966306166666531353962223b6964656e746974797c733a373a2261646974796173223b726f6c655f69647c733a313a2231223b6c6f676765645f696e7c623a313b6c616e67756167657c733a373a22656e676c697368223b),
('ejsj2mhe18t53bm4pentigdc3isbd4g9', '127.0.0.1', 1593700145, 0x5f5f63695f6c6173745f726567656e65726174657c693a313539333730303134353b7265717565737465645f706167657c733a35353a22687474703a2f2f6d792e736974652e636f6d2f696e6465782e7068702f61646d696e2f73657474696e67732f75736572732f696e646578223b757365725f69647c733a313a2231223b617574685f637573746f6d7c733a353a2261646d696e223b757365725f746f6b656e7c733a34303a2264306266303735666237336436613163306432343236323965633035643338613635646338363866223b6964656e746974797c733a31393a2261646d696e406d79626f6e666972652e636f6d223b726f6c655f69647c733a313a2231223b6c6f676765645f696e7c623a313b6c616e67756167657c733a373a22656e676c697368223b70726576696f75735f706167657c733a35353a22687474703a2f2f6d792e736974652e636f6d2f696e6465782e7068702f61646d696e2f73657474696e67732f75736572732f696e646578223b),
('f6h1l5ol72i2sme0t7as7oh8ljjeupvm', '127.0.0.1', 1594525956, 0x5f5f63695f6c6173745f726567656e65726174657c693a313539343532353935363b7265717565737465645f706167657c733a34323a22687474703a2f2f6d792e736974652e636f6d2f696e6465782e7068702f61646d696e2f636f6e74656e74223b70726576696f75735f706167657c733a34323a22687474703a2f2f6d792e736974652e636f6d2f696e6465782e7068702f61646d696e2f636f6e74656e74223b757365725f69647c733a313a2232223b617574685f637573746f6d7c733a373a2261646974796173223b757365725f746f6b656e7c733a34303a2264613361333436643362613635393637396563333438326330383538353966306166666531353962223b6964656e746974797c733a373a2261646974796173223b726f6c655f69647c733a313a2231223b6c6f676765645f696e7c623a313b6c616e67756167657c733a373a22656e676c697368223b),
('fhg889ki89nr2i5221p1ljetgfdagmct', '127.0.0.1', 1594693108, 0x5f5f63695f6c6173745f726567656e65726174657c693a313539343639333130383b7265717565737465645f706167657c733a34383a22687474703a2f2f6d792e736974652e636f6d2f696e6465782e7068702f61646d696e2f636f6e74656e742f6974656d73223b6d6573736167657c733a34373a226572726f723a3a596f75206d757374206265206c6f6767656420696e20746f2076696577207468617420706167652e223b5f5f63695f766172737c613a313a7b733a373a226d657373616765223b733a333a226e6577223b7d),
('fm2aig0vdb7jtdc0mr2t5v9qqbt1k34s', '127.0.0.1', 1593944913, 0x5f5f63695f6c6173745f726567656e65726174657c693a313539333934343931313b7265717565737465645f706167657c733a37383a22687474703a2f2f6d792e736974652e636f6d2f696e6465782e7068702f646f63732f646576656c6f7065722f62617369635f636f6e63657074732f776f726b696e675f776974685f617373657473223b70726576696f75735f706167657c733a37383a22687474703a2f2f6d792e736974652e636f6d2f696e6465782e7068702f646f63732f646576656c6f7065722f62617369635f636f6e63657074732f776f726b696e675f776974685f617373657473223b),
('fp1la3uc47nbf4jjr36430o80unn1osb', '127.0.0.1', 1594692692, 0x5f5f63695f6c6173745f726567656e65726174657c693a313539343639323639323b7265717565737465645f706167657c733a35363a22687474703a2f2f6d792e736974652e636f6d2f696e6465782e7068702f61646d696e2f636f6e74656e742f6974656d732f6765744974656d223b70726576696f75735f706167657c733a35363a22687474703a2f2f6d792e736974652e636f6d2f696e6465782e7068702f61646d696e2f636f6e74656e742f6974656d732f6765744974656d223b757365725f69647c733a313a2232223b617574685f637573746f6d7c733a373a2261646974796173223b757365725f746f6b656e7c733a34303a2264653366353061623034316638323164616132393166376635343364393732623734346232383832223b6964656e746974797c733a373a2261646974796173223b726f6c655f69647c733a313a2231223b6c6f676765645f696e7c623a313b6c616e67756167657c733a373a22656e676c697368223b),
('ggm90ehj3srcfjuq2dleqj3mdi0anmkj', '127.0.0.1', 1593705136, 0x5f5f63695f6c6173745f726567656e65726174657c693a313539333730353133363b7265717565737465645f706167657c733a35323a22687474703a2f2f6d792e736974652e636f6d2f696e6465782e7068702f61646d696e2f646576656c6f7065722f6275696c646572223b757365725f69647c733a313a2231223b617574685f637573746f6d7c733a353a2261646d696e223b757365725f746f6b656e7c733a34303a2264306266303735666237336436613163306432343236323965633035643338613635646338363866223b6964656e746974797c733a31393a2261646d696e406d79626f6e666972652e636f6d223b726f6c655f69647c733a313a2231223b6c6f676765645f696e7c623a313b6c616e67756167657c733a373a22656e676c697368223b70726576696f75735f706167657c733a35323a22687474703a2f2f6d792e736974652e636f6d2f696e6465782e7068702f61646d696e2f646576656c6f7065722f6275696c646572223b),
('gt1bqtca42b56j9k2lrb89itft3961uv', '127.0.0.1', 1594100809, 0x5f5f63695f6c6173745f726567656e65726174657c693a313539343130303830383b7265717565737465645f706167657c733a37333a22687474703a2f2f6d792e736974652e636f6d2f696e6465782e7068702f646f63732f646576656c6f7065722f62617369635f636f6e63657074732f626f6e666972655f6d6f64656c73223b70726576696f75735f706167657c733a37333a22687474703a2f2f6d792e736974652e636f6d2f696e6465782e7068702f646f63732f646576656c6f7065722f62617369635f636f6e63657074732f626f6e666972655f6d6f64656c73223b),
('h7c44gg71a0jbao8vqc8kq80028ofeeu', '127.0.0.1', 1594559283, 0x5f5f63695f6c6173745f726567656e65726174657c693a313539343535393238313b),
('hamn3o3g7kv09b6ncuvhpaogkv36k80e', '127.0.0.1', 1593730405, 0x5f5f63695f6c6173745f726567656e65726174657c693a313539333733303430353b7265717565737465645f706167657c733a34393a22687474703a2f2f6d792e736974652e636f6d2f696e6465782e7068702f61646d696e2f73657474696e67732f7573657273223b70726576696f75735f706167657c733a34393a22687474703a2f2f6d792e736974652e636f6d2f696e6465782e7068702f61646d696e2f73657474696e67732f7573657273223b757365725f69647c733a313a2231223b617574685f637573746f6d7c733a353a2261646d696e223b757365725f746f6b656e7c733a34303a2264306266303735666237336436613163306432343236323965633035643338613635646338363866223b6964656e746974797c733a353a2261646d696e223b726f6c655f69647c733a313a2231223b6c6f676765645f696e7c623a313b6c616e67756167657c733a373a22656e676c697368223b),
('hdhp5fm6kld3nkk0nnf0rk6poadjrtqh', '127.0.0.1', 1593705858, 0x5f5f63695f6c6173745f726567656e65726174657c693a313539333730353835383b7265717565737465645f706167657c733a35343a22687474703a2f2f6d792e736974652e636f6d2f696e6465782e7068702f61646d696e2f73657474696e67732f75736572732f65646974223b757365725f69647c733a313a2231223b617574685f637573746f6d7c733a353a2261646d696e223b757365725f746f6b656e7c733a34303a2264306266303735666237336436613163306432343236323965633035643338613635646338363866223b6964656e746974797c733a31393a2261646d696e406d79626f6e666972652e636f6d223b726f6c655f69647c733a313a2231223b6c6f676765645f696e7c623a313b6c616e67756167657c733a373a22656e676c697368223b70726576696f75735f706167657c733a35343a22687474703a2f2f6d792e736974652e636f6d2f696e6465782e7068702f61646d696e2f73657474696e67732f75736572732f65646974223b),
('hlhc0iik8ckel239o70b7gk1u1jia6l2', '127.0.0.1', 1594624546, 0x5f5f63695f6c6173745f726567656e65726174657c693a313539343632343532343b7265717565737465645f706167657c733a32383a22687474703a2f2f6d792e736974652e636f6d2f696e6465782e706870223b70726576696f75735f706167657c733a32383a22687474703a2f2f6d792e736974652e636f6d2f696e6465782e706870223b),
('i127bud1sc7dsqjj3i59ip7nr1qlkfrt', '127.0.0.1', 1594697954, 0x5f5f63695f6c6173745f726567656e65726174657c693a313539343639373935343b7265717565737465645f706167657c733a35363a22687474703a2f2f6d792e736974652e636f6d2f696e6465782e7068702f61646d696e2f636f6e74656e742f6974656d732f6765744974656d223b70726576696f75735f706167657c733a35363a22687474703a2f2f6d792e736974652e636f6d2f696e6465782e7068702f61646d696e2f636f6e74656e742f6974656d732f6765744974656d223b757365725f69647c733a313a2232223b617574685f637573746f6d7c733a373a2261646974796173223b757365725f746f6b656e7c733a34303a2264653366353061623034316638323164616132393166376635343364393732623734346232383832223b6964656e746974797c733a373a2261646974796173223b726f6c655f69647c733a313a2231223b6c6f676765645f696e7c623a313b6c616e67756167657c733a373a22656e676c697368223b),
('i4dgbqmplrprp4ma41btbnab8la8ril9', '127.0.0.1', 1594693827, 0x5f5f63695f6c6173745f726567656e65726174657c693a313539343639333832373b7265717565737465645f706167657c733a35363a22687474703a2f2f6d792e736974652e636f6d2f696e6465782e7068702f61646d696e2f636f6e74656e742f6974656d732f6765744974656d223b70726576696f75735f706167657c733a35363a22687474703a2f2f6d792e736974652e636f6d2f696e6465782e7068702f61646d696e2f636f6e74656e742f6974656d732f6765744974656d223b757365725f69647c733a313a2232223b617574685f637573746f6d7c733a373a2261646974796173223b757365725f746f6b656e7c733a34303a2264653366353061623034316638323164616132393166376635343364393732623734346232383832223b6964656e746974797c733a373a2261646974796173223b726f6c655f69647c733a313a2231223b6c6f676765645f696e7c623a313b6c616e67756167657c733a373a22656e676c697368223b),
('i9e3tkdhh5ad5ge0h2cbeorfnusfbpnc', '127.0.0.1', 1594576492, 0x5f5f63695f6c6173745f726567656e65726174657c693a313539343537363337323b7265717565737465645f706167657c733a35363a22687474703a2f2f6d792e736974652e636f6d2f696e6465782e7068702f61646d696e2f636f6e74656e742f6974656d732f6765744974656d223b70726576696f75735f706167657c733a35363a22687474703a2f2f6d792e736974652e636f6d2f696e6465782e7068702f61646d696e2f636f6e74656e742f6974656d732f6765744974656d223b757365725f69647c733a313a2232223b617574685f637573746f6d7c733a373a2261646974796173223b757365725f746f6b656e7c733a34303a2264653366353061623034316638323164616132393166376635343364393732623734346232383832223b6964656e746974797c733a373a2261646974796173223b726f6c655f69647c733a313a2231223b6c6f676765645f696e7c623a313b6c616e67756167657c733a373a22656e676c697368223b),
('id1rpbk3ceao02jntmt5ndkqa3q76k9n', '127.0.0.1', 1593758314, 0x5f5f63695f6c6173745f726567656e65726174657c693a313539333735383331343b7265717565737465645f706167657c733a36303a22687474703a2f2f6d792e736974652e636f6d2f696e6465782e7068702f646f63732f646576656c6f7065722f6c69627261726965732f617373657473223b70726576696f75735f706167657c733a36303a22687474703a2f2f6d792e736974652e636f6d2f696e6465782e7068702f646f63732f646576656c6f7065722f6c69627261726965732f617373657473223b),
('is3uji3sc4f217amurt13irp0qng3nrs', '127.0.0.1', 1594100808, 0x5f5f63695f6c6173745f726567656e65726174657c693a313539343130303830383b7265717565737465645f706167657c733a36333a22687474703a2f2f6d792e736974652e636f6d2f696e6465782e7068702f646f63732f646576656c6f7065722f73746172745f686572652f7475745f626c6f67223b70726576696f75735f706167657c733a36333a22687474703a2f2f6d792e736974652e636f6d2f696e6465782e7068702f646f63732f646576656c6f7065722f73746172745f686572652f7475745f626c6f67223b),
('jath2e72aatj5h5hd2e5mics2cfj6jbr', '127.0.0.1', 1594130103, 0x5f5f63695f6c6173745f726567656e65726174657c693a313539343133303130323b7265717565737465645f706167657c733a37383a22687474703a2f2f6d792e736974652e636f6d2f696e6465782e7068702f646f63732f646576656c6f7065722f62617369635f636f6e63657074732f776f726b696e675f776974685f617373657473223b70726576696f75735f706167657c733a37383a22687474703a2f2f6d792e736974652e636f6d2f696e6465782e7068702f646f63732f646576656c6f7065722f62617369635f636f6e63657074732f776f726b696e675f776974685f617373657473223b),
('jmulsm7hpbqd4vsbbsvslklqiql7bt77', '127.0.0.1', 1593704044, 0x5f5f63695f6c6173745f726567656e65726174657c693a313539333730343034343b7265717565737465645f706167657c733a34323a22687474703a2f2f6d792e736974652e636f6d2f696e6465782e7068702f61646d696e2f636f6e74656e74223b757365725f69647c733a313a2231223b617574685f637573746f6d7c733a353a2261646d696e223b757365725f746f6b656e7c733a34303a2264306266303735666237336436613163306432343236323965633035643338613635646338363866223b6964656e746974797c733a31393a2261646d696e406d79626f6e666972652e636f6d223b726f6c655f69647c733a313a2231223b6c6f676765645f696e7c623a313b6c616e67756167657c733a373a22656e676c697368223b70726576696f75735f706167657c733a34323a22687474703a2f2f6d792e736974652e636f6d2f696e6465782e7068702f61646d696e2f636f6e74656e74223b),
('k26f42sc8bklu9ufr06fft8t741m3djv', '127.0.0.1', 1593701667, 0x5f5f63695f6c6173745f726567656e65726174657c693a313539333730313636373b7265717565737465645f706167657c733a35323a22687474703a2f2f6d792e736974652e636f6d2f696e6465782e7068702f61646d696e2f646576656c6f7065722f737973696e666f223b757365725f69647c733a313a2231223b617574685f637573746f6d7c733a353a2261646d696e223b757365725f746f6b656e7c733a34303a2264306266303735666237336436613163306432343236323965633035643338613635646338363866223b6964656e746974797c733a31393a2261646d696e406d79626f6e666972652e636f6d223b726f6c655f69647c733a313a2231223b6c6f676765645f696e7c623a313b6c616e67756167657c733a373a22656e676c697368223b70726576696f75735f706167657c733a35323a22687474703a2f2f6d792e736974652e636f6d2f696e6465782e7068702f61646d696e2f646576656c6f7065722f737973696e666f223b),
('k7khbkspn8pbvi3d8krk67tpc79kcjio', '127.0.0.1', 1594601372, 0x5f5f63695f6c6173745f726567656e65726174657c693a313539343630313337323b7265717565737465645f706167657c733a35363a22687474703a2f2f6d792e736974652e636f6d2f696e6465782e7068702f61646d696e2f636f6e74656e742f6974656d732f6765744974656d223b757365725f69647c733a313a2232223b617574685f637573746f6d7c733a373a2261646974796173223b757365725f746f6b656e7c733a34303a2264653366353061623034316638323164616132393166376635343364393732623734346232383832223b6964656e746974797c733a373a2261646974796173223b726f6c655f69647c733a313a2231223b6c6f676765645f696e7c623a313b6c616e67756167657c733a373a22656e676c697368223b70726576696f75735f706167657c733a35363a22687474703a2f2f6d792e736974652e636f6d2f696e6465782e7068702f61646d696e2f636f6e74656e742f6974656d732f6765744974656d223b),
('k9rgj3u1lfkqci51ag5obh8leda7m8ua', '127.0.0.1', 1594693182, 0x5f5f63695f6c6173745f726567656e65726174657c693a313539343639333138323b7265717565737465645f706167657c733a35363a22687474703a2f2f6d792e736974652e636f6d2f696e6465782e7068702f61646d696e2f636f6e74656e742f6974656d732f6765744974656d223b6d6573736167657c733a34373a226572726f723a3a596f75206d757374206265206c6f6767656420696e20746f2076696577207468617420706167652e223b5f5f63695f766172737c613a313a7b733a373a226d657373616765223b733a333a226e6577223b7d),
('kbcthpamd79rvh8lmfc2hp5uefocqoam', '127.0.0.1', 1594692298, 0x5f5f63695f6c6173745f726567656e65726174657c693a313539343639323239383b7265717565737465645f706167657c733a35363a22687474703a2f2f6d792e736974652e636f6d2f696e6465782e7068702f61646d696e2f636f6e74656e742f6974656d732f6765744974656d223b70726576696f75735f706167657c733a35363a22687474703a2f2f6d792e736974652e636f6d2f696e6465782e7068702f61646d696e2f636f6e74656e742f6974656d732f6765744974656d223b757365725f69647c733a313a2232223b617574685f637573746f6d7c733a373a2261646974796173223b757365725f746f6b656e7c733a34303a2264653366353061623034316638323164616132393166376635343364393732623734346232383832223b6964656e746974797c733a373a2261646974796173223b726f6c655f69647c733a313a2231223b6c6f676765645f696e7c623a313b6c616e67756167657c733a373a22656e676c697368223b),
('kd1r6fp92r42nccalipl44e9euivt5rj', '127.0.0.1', 1593571186, 0x5f5f63695f6c6173745f726567656e65726174657c693a313539333537313137303b7265717565737465645f706167657c733a34323a22687474703a2f2f6d792e736974652e636f6d2f696e6465782e7068702f61646d696e2f636f6e74656e74223b757365725f69647c733a313a2231223b617574685f637573746f6d7c733a353a2261646d696e223b757365725f746f6b656e7c733a34303a2264306266303735666237336436613163306432343236323965633035643338613635646338363866223b6964656e746974797c733a31393a2261646d696e406d79626f6e666972652e636f6d223b726f6c655f69647c733a313a2231223b6c6f676765645f696e7c623a313b6c616e67756167657c733a373a22656e676c697368223b70726576696f75735f706167657c733a34323a22687474703a2f2f6d792e736974652e636f6d2f696e6465782e7068702f61646d696e2f636f6e74656e74223b),
('kifnve8rbuilq7qao9hn95ejsjubuhh3', '127.0.0.1', 1594603944, 0x5f5f63695f6c6173745f726567656e65726174657c693a313539343630333934343b7265717565737465645f706167657c733a35363a22687474703a2f2f6d792e736974652e636f6d2f696e6465782e7068702f61646d696e2f636f6e74656e742f6974656d732f6765744974656d223b757365725f69647c733a313a2232223b617574685f637573746f6d7c733a373a2261646974796173223b757365725f746f6b656e7c733a34303a2264653366353061623034316638323164616132393166376635343364393732623734346232383832223b6964656e746974797c733a373a2261646974796173223b726f6c655f69647c733a313a2231223b6c6f676765645f696e7c623a313b6c616e67756167657c733a373a22656e676c697368223b70726576696f75735f706167657c733a35363a22687474703a2f2f6d792e736974652e636f6d2f696e6465782e7068702f61646d696e2f636f6e74656e742f6974656d732f6765744974656d223b),
('knithhmq913mbeo5qqfl817f276ahcro', '127.0.0.1', 1593701130, 0x5f5f63695f6c6173745f726567656e65726174657c693a313539333730313133303b7265717565737465645f706167657c733a35323a22687474703a2f2f6d792e736974652e636f6d2f696e6465782e7068702f61646d696e2f646576656c6f7065722f737973696e666f223b757365725f69647c733a313a2231223b617574685f637573746f6d7c733a353a2261646d696e223b757365725f746f6b656e7c733a34303a2264306266303735666237336436613163306432343236323965633035643338613635646338363866223b6964656e746974797c733a31393a2261646d696e406d79626f6e666972652e636f6d223b726f6c655f69647c733a313a2231223b6c6f676765645f696e7c623a313b6c616e67756167657c733a373a22656e676c697368223b70726576696f75735f706167657c733a35323a22687474703a2f2f6d792e736974652e636f6d2f696e6465782e7068702f61646d696e2f646576656c6f7065722f737973696e666f223b),
('li181g7j1nbdbk95tsscsltlklblbfeb', '127.0.0.1', 1594529826, 0x5f5f63695f6c6173745f726567656e65726174657c693a313539343532393535303b7265717565737465645f706167657c733a32383a22687474703a2f2f6d792e736974652e636f6d2f696e6465782e706870223b70726576696f75735f706167657c733a32383a22687474703a2f2f6d792e736974652e636f6d2f696e6465782e706870223b);
INSERT INTO `bf_ci3_sessions` (`id`, `ip_address`, `timestamp`, `data`) VALUES
('li8d3rl3pklas2ficvhk6i11oru757tm', '127.0.0.1', 1593610069, 0x5f5f63695f6c6173745f726567656e65726174657c693a313539333631303036393b7265717565737465645f706167657c733a34323a22687474703a2f2f6d792e736974652e636f6d2f696e6465782e7068702f61646d696e2f636f6e74656e74223b757365725f69647c733a313a2231223b617574685f637573746f6d7c733a353a2261646d696e223b757365725f746f6b656e7c733a34303a2264306266303735666237336436613163306432343236323965633035643338613635646338363866223b6964656e746974797c733a31393a2261646d696e406d79626f6e666972652e636f6d223b726f6c655f69647c733a313a2231223b6c6f676765645f696e7c623a313b6c616e67756167657c733a373a22656e676c697368223b70726576696f75735f706167657c733a34323a22687474703a2f2f6d792e736974652e636f6d2f696e6465782e7068702f61646d696e2f636f6e74656e74223b),
('lv4v6u37j3n5cd86v8v5ui60adcej996', '127.0.0.1', 1594565679, 0x5f5f63695f6c6173745f726567656e65726174657c693a313539343536353637393b7265717565737465645f706167657c733a32383a22687474703a2f2f6d792e736974652e636f6d2f696e6465782e706870223b70726576696f75735f706167657c733a32383a22687474703a2f2f6d792e736974652e636f6d2f696e6465782e706870223b757365725f69647c733a313a2232223b617574685f637573746f6d7c733a373a2261646974796173223b757365725f746f6b656e7c733a34303a2264613361333436643362613635393637396563333438326330383538353966306166666531353962223b6964656e746974797c733a373a2261646974796173223b726f6c655f69647c733a313a2231223b6c6f676765645f696e7c623a313b),
('m30dncjqrbgecb9l4vg3bpqjtv51vbtc', '127.0.0.1', 1593643376, 0x5f5f63695f6c6173745f726567656e65726174657c693a313539333634333337363b7265717565737465645f706167657c733a34323a22687474703a2f2f6d792e736974652e636f6d2f696e6465782e7068702f61646d696e2f636f6e74656e74223b757365725f69647c733a313a2231223b617574685f637573746f6d7c733a353a2261646d696e223b757365725f746f6b656e7c733a34303a2264306266303735666237336436613163306432343236323965633035643338613635646338363866223b6964656e746974797c733a31393a2261646d696e406d79626f6e666972652e636f6d223b726f6c655f69647c733a313a2231223b6c6f676765645f696e7c623a313b6c616e67756167657c733a373a22656e676c697368223b70726576696f75735f706167657c733a34323a22687474703a2f2f6d792e736974652e636f6d2f696e6465782e7068702f61646d696e2f636f6e74656e74223b),
('m922q9ntpcjfjaq8b9p7b5bg65e7b8hi', '127.0.0.1', 1593613633, 0x5f5f63695f6c6173745f726567656e65726174657c693a313539333631333633333b7265717565737465645f706167657c733a35353a22687474703a2f2f6d792e736974652e636f6d2f696e6465782e7068702f61646d696e2f646576656c6f7065722f6d6967726174696f6e73223b757365725f69647c733a313a2231223b617574685f637573746f6d7c733a353a2261646d696e223b757365725f746f6b656e7c733a34303a2264306266303735666237336436613163306432343236323965633035643338613635646338363866223b6964656e746974797c733a31393a2261646d696e406d79626f6e666972652e636f6d223b726f6c655f69647c733a313a2231223b6c6f676765645f696e7c623a313b6c616e67756167657c733a373a22656e676c697368223b70726576696f75735f706167657c733a35353a22687474703a2f2f6d792e736974652e636f6d2f696e6465782e7068702f61646d696e2f646576656c6f7065722f6d6967726174696f6e73223b),
('mefnugjqsatq9sp1hdhj6euhfpc0pm2h', '127.0.0.1', 1593705545, 0x5f5f63695f6c6173745f726567656e65726174657c693a313539333730353534353b7265717565737465645f706167657c733a34323a22687474703a2f2f6d792e736974652e636f6d2f696e6465782e7068702f61646d696e2f636f6e74656e74223b757365725f69647c733a313a2231223b617574685f637573746f6d7c733a353a2261646d696e223b757365725f746f6b656e7c733a34303a2264306266303735666237336436613163306432343236323965633035643338613635646338363866223b6964656e746974797c733a31393a2261646d696e406d79626f6e666972652e636f6d223b726f6c655f69647c733a313a2231223b6c6f676765645f696e7c623a313b6c616e67756167657c733a373a22656e676c697368223b70726576696f75735f706167657c733a34323a22687474703a2f2f6d792e736974652e636f6d2f696e6465782e7068702f61646d696e2f636f6e74656e74223b),
('mfgqtfslau3r0r0enjln0h7lv3dpbpee', '127.0.0.1', 1593703100, 0x5f5f63695f6c6173745f726567656e65726174657c693a313539333730333130303b7265717565737465645f706167657c733a34323a22687474703a2f2f6d792e736974652e636f6d2f696e6465782e7068702f61646d696e2f636f6e74656e74223b757365725f69647c733a313a2231223b617574685f637573746f6d7c733a353a2261646d696e223b757365725f746f6b656e7c733a34303a2264306266303735666237336436613163306432343236323965633035643338613635646338363866223b6964656e746974797c733a31393a2261646d696e406d79626f6e666972652e636f6d223b726f6c655f69647c733a313a2231223b6c6f676765645f696e7c623a313b6c616e67756167657c733a373a22656e676c697368223b70726576696f75735f706167657c733a34323a22687474703a2f2f6d792e736974652e636f6d2f696e6465782e7068702f61646d696e2f636f6e74656e74223b),
('mgrtid8ne4pubmud1aqc8dm17rn40cua', '127.0.0.1', 1593702696, 0x5f5f63695f6c6173745f726567656e65726174657c693a313539333730323639363b7265717565737465645f706167657c733a34323a22687474703a2f2f6d792e736974652e636f6d2f696e6465782e7068702f61646d696e2f636f6e74656e74223b757365725f69647c733a313a2231223b617574685f637573746f6d7c733a353a2261646d696e223b757365725f746f6b656e7c733a34303a2264306266303735666237336436613163306432343236323965633035643338613635646338363866223b6964656e746974797c733a31393a2261646d696e406d79626f6e666972652e636f6d223b726f6c655f69647c733a313a2231223b6c6f676765645f696e7c623a313b6c616e67756167657c733a373a22656e676c697368223b70726576696f75735f706167657c733a34323a22687474703a2f2f6d792e736974652e636f6d2f696e6465782e7068702f61646d696e2f636f6e74656e74223b),
('mst168e4klr83adgk0pndvil66vole22', '127.0.0.1', 1594192352, 0x5f5f63695f6c6173745f726567656e65726174657c693a313539343139323334383b7265717565737465645f706167657c733a36333a22687474703a2f2f6d792e736974652e636f6d2f696e6465782e7068702f646f63732f646576656c6f7065722f73746172745f686572652f7475745f626c6f67223b70726576696f75735f706167657c733a36333a22687474703a2f2f6d792e736974652e636f6d2f696e6465782e7068702f646f63732f646576656c6f7065722f73746172745f686572652f7475745f626c6f67223b),
('ngjqm662g1b4ggehsrh9qehg72ovcsva', '127.0.0.1', 1593757961, 0x5f5f63695f6c6173745f726567656e65726174657c693a313539333735373936313b7265717565737465645f706167657c733a34333a22687474703a2f2f6d792e736974652e636f6d2f696e6465782e7068702f646f63732f646576656c6f706572223b70726576696f75735f706167657c733a34333a22687474703a2f2f6d792e736974652e636f6d2f696e6465782e7068702f646f63732f646576656c6f706572223b),
('nj1n0lqtcp8ruruc89pnh3cc67613v2u', '127.0.0.1', 1593666634, 0x5f5f63695f6c6173745f726567656e65726174657c693a313539333636363630333b7265717565737465645f706167657c733a35323a22687474703a2f2f6d792e736974652e636f6d2f696e6465782e7068702f61646d696e2f73657474696e67732f73657474696e6773223b757365725f69647c733a313a2231223b617574685f637573746f6d7c733a353a2261646d696e223b757365725f746f6b656e7c733a34303a2264306266303735666237336436613163306432343236323965633035643338613635646338363866223b6964656e746974797c733a31393a2261646d696e406d79626f6e666972652e636f6d223b726f6c655f69647c733a313a2231223b6c6f676765645f696e7c623a313b6c616e67756167657c733a373a22656e676c697368223b70726576696f75735f706167657c733a35323a22687474703a2f2f6d792e736974652e636f6d2f696e6465782e7068702f61646d696e2f73657474696e67732f73657474696e6773223b),
('nrgisf9adsvnsbmr26hdlt6rmnpgv89g', '127.0.0.1', 1594009309, 0x5f5f63695f6c6173745f726567656e65726174657c693a313539343030393330393b7265717565737465645f706167657c733a37333a22687474703a2f2f6d792e736974652e636f6d2f696e6465782e7068702f646f63732f646576656c6f7065722f62617369635f636f6e63657074732f626f6e666972655f6d6f64656c73223b70726576696f75735f706167657c733a37333a22687474703a2f2f6d792e736974652e636f6d2f696e6465782e7068702f646f63732f646576656c6f7065722f62617369635f636f6e63657074732f626f6e666972655f6d6f64656c73223b),
('ntr5pntd147b63b33fu02up2vkva9vr8', '127.0.0.1', 1593810967, 0x5f5f63695f6c6173745f726567656e65726174657c693a313539333831303936373b7265717565737465645f706167657c733a37383a22687474703a2f2f6d792e736974652e636f6d2f696e6465782e7068702f646f63732f646576656c6f7065722f62617369635f636f6e63657074732f776f726b696e675f776974685f617373657473223b70726576696f75735f706167657c733a37383a22687474703a2f2f6d792e736974652e636f6d2f696e6465782e7068702f646f63732f646576656c6f7065722f62617369635f636f6e63657074732f776f726b696e675f776974685f617373657473223b),
('ntuaqjjp8hvfs2u5gk1derit8s0vhffn', '127.0.0.1', 1594606684, 0x5f5f63695f6c6173745f726567656e65726174657c693a313539343630363536343b7265717565737465645f706167657c733a35363a22687474703a2f2f6d792e736974652e636f6d2f696e6465782e7068702f61646d696e2f636f6e74656e742f6974656d732f6765744974656d223b757365725f69647c733a313a2232223b617574685f637573746f6d7c733a373a2261646974796173223b757365725f746f6b656e7c733a34303a2264653366353061623034316638323164616132393166376635343364393732623734346232383832223b6964656e746974797c733a373a2261646974796173223b726f6c655f69647c733a313a2231223b6c6f676765645f696e7c623a313b6c616e67756167657c733a373a22656e676c697368223b70726576696f75735f706167657c733a35363a22687474703a2f2f6d792e736974652e636f6d2f696e6465782e7068702f61646d696e2f636f6e74656e742f6974656d732f6765744974656d223b),
('nvoc41h9l6o33l6qg3vvtg9jerb3dsb0', '127.0.0.1', 1593711809, 0x5f5f63695f6c6173745f726567656e65726174657c693a313539333731313830393b7265717565737465645f706167657c733a34323a22687474703a2f2f6d792e736974652e636f6d2f696e6465782e7068702f61646d696e2f636f6e74656e74223b70726576696f75735f706167657c733a34323a22687474703a2f2f6d792e736974652e636f6d2f696e6465782e7068702f61646d696e2f636f6e74656e74223b757365725f69647c733a313a2232223b617574685f637573746f6d7c733a373a2261646974796173223b757365725f746f6b656e7c733a34303a2264613361333436643362613635393637396563333438326330383538353966306166666531353962223b6964656e746974797c733a373a2261646974796173223b726f6c655f69647c733a313a2231223b6c6f676765645f696e7c623a313b6c616e67756167657c733a373a22656e676c697368223b),
('o50f4mssguf4n6bjk6520p62npuaa0j4', '127.0.0.1', 1594693096, 0x5f5f63695f6c6173745f726567656e65726174657c693a313539343639333039363b7265717565737465645f706167657c733a35363a22687474703a2f2f6d792e736974652e636f6d2f696e6465782e7068702f61646d696e2f636f6e74656e742f6974656d732f6765744974656d223b6d6573736167657c733a34373a226572726f723a3a596f75206d757374206265206c6f6767656420696e20746f2076696577207468617420706167652e223b5f5f63695f766172737c613a313a7b733a373a226d657373616765223b733a333a226e6577223b7d),
('o826cnkc16do0lov13ej7t3hfk1l0b8c', '127.0.0.1', 1594008520, 0x5f5f63695f6c6173745f726567656e65726174657c693a313539343030383532303b7265717565737465645f706167657c733a36333a22687474703a2f2f6d792e736974652e636f6d2f696e6465782e7068702f646f63732f646576656c6f7065722f73746172745f686572652f7475745f626c6f67223b70726576696f75735f706167657c733a36333a22687474703a2f2f6d792e736974652e636f6d2f696e6465782e7068702f646f63732f646576656c6f7065722f73746172745f686572652f7475745f626c6f67223b),
('ocgu92l4db6gpg9lksfv0jgu4roi7fn9', '127.0.0.1', 1594529550, 0x5f5f63695f6c6173745f726567656e65726174657c693a313539343532393535303b7265717565737465645f706167657c733a32383a22687474703a2f2f6d792e736974652e636f6d2f696e6465782e706870223b70726576696f75735f706167657c733a32383a22687474703a2f2f6d792e736974652e636f6d2f696e6465782e706870223b),
('om720sq2m1e8ko1c9pnfbmise2jc40eq', '127.0.0.1', 1593535646, 0x5f5f63695f6c6173745f726567656e65726174657c693a313539333533353634363b7265717565737465645f706167657c733a34323a22687474703a2f2f6d792e736974652e636f6d2f696e6465782e7068702f61646d696e2f636f6e74656e74223b70726576696f75735f706167657c733a34323a22687474703a2f2f6d792e736974652e636f6d2f696e6465782e7068702f61646d696e2f636f6e74656e74223b757365725f69647c733a313a2231223b617574685f637573746f6d7c733a353a2261646d696e223b757365725f746f6b656e7c733a34303a2264306266303735666237336436613163306432343236323965633035643338613635646338363866223b6964656e746974797c733a31393a2261646d696e406d79626f6e666972652e636f6d223b726f6c655f69647c733a313a2231223b6c6f676765645f696e7c623a313b6c616e67756167657c733a373a22656e676c697368223b),
('oo15l4rial6t7eejsj7bitrfr63uumei', '127.0.0.1', 1593704785, 0x5f5f63695f6c6173745f726567656e65726174657c693a313539333730343738353b7265717565737465645f706167657c733a34323a22687474703a2f2f6d792e736974652e636f6d2f696e6465782e7068702f61646d696e2f636f6e74656e74223b757365725f69647c733a313a2231223b617574685f637573746f6d7c733a353a2261646d696e223b757365725f746f6b656e7c733a34303a2264306266303735666237336436613163306432343236323965633035643338613635646338363866223b6964656e746974797c733a31393a2261646d696e406d79626f6e666972652e636f6d223b726f6c655f69647c733a313a2231223b6c6f676765645f696e7c623a313b6c616e67756167657c733a373a22656e676c697368223b70726576696f75735f706167657c733a34323a22687474703a2f2f6d792e736974652e636f6d2f696e6465782e7068702f61646d696e2f636f6e74656e74223b),
('osr3c2o7g96ccpqlmqmn8320laqu7725', '127.0.0.1', 1594692059, 0x5f5f63695f6c6173745f726567656e65726174657c693a313539343639313933393b7265717565737465645f706167657c733a35363a22687474703a2f2f6d792e736974652e636f6d2f696e6465782e7068702f61646d696e2f636f6e74656e742f6974656d732f6765744974656d223b70726576696f75735f706167657c733a35363a22687474703a2f2f6d792e736974652e636f6d2f696e6465782e7068702f61646d696e2f636f6e74656e742f6974656d732f6765744974656d223b757365725f69647c733a313a2232223b617574685f637573746f6d7c733a373a2261646974796173223b757365725f746f6b656e7c733a34303a2264653366353061623034316638323164616132393166376635343364393732623734346232383832223b6964656e746974797c733a373a2261646974796173223b726f6c655f69647c733a313a2231223b6c6f676765645f696e7c623a313b6c616e67756167657c733a373a22656e676c697368223b),
('p2ahqpdrouq6etlar9m0c7heeci4cevf', '127.0.0.1', 1594693182, 0x5f5f63695f6c6173745f726567656e65726174657c693a313539343639333138323b),
('p935jk3al6rvqg9sub6ea77q3ol4g205', '127.0.0.1', 1594561625, 0x5f5f63695f6c6173745f726567656e65726174657c693a313539343536313632353b7265717565737465645f706167657c733a32383a22687474703a2f2f6d792e736974652e636f6d2f696e6465782e706870223b70726576696f75735f706167657c733a32383a22687474703a2f2f6d792e736974652e636f6d2f696e6465782e706870223b),
('qpi5sju2e1fqf5q93mga2u88alc69cod', '127.0.0.1', 1594566431, 0x5f5f63695f6c6173745f726567656e65726174657c693a313539343536363433313b7265717565737465645f706167657c733a32383a22687474703a2f2f6d792e736974652e636f6d2f696e6465782e706870223b70726576696f75735f706167657c733a32383a22687474703a2f2f6d792e736974652e636f6d2f696e6465782e706870223b757365725f69647c733a313a2232223b617574685f637573746f6d7c733a373a2261646974796173223b757365725f746f6b656e7c733a34303a2264613361333436643362613635393637396563333438326330383538353966306166666531353962223b6964656e746974797c733a373a2261646974796173223b726f6c655f69647c733a313a2231223b6c6f676765645f696e7c623a313b),
('r674e9cekm0cmrjhn4b9vmlgfan8abpd', '127.0.0.1', 1593533748, 0x5f5f63695f6c6173745f726567656e65726174657c693a313539333533333734383b7265717565737465645f706167657c733a34323a22687474703a2f2f6d792e736974652e636f6d2f696e6465782e7068702f61646d696e2f636f6e74656e74223b70726576696f75735f706167657c733a34323a22687474703a2f2f6d792e736974652e636f6d2f696e6465782e7068702f61646d696e2f636f6e74656e74223b757365725f69647c733a313a2231223b617574685f637573746f6d7c733a353a2261646d696e223b757365725f746f6b656e7c733a34303a2264306266303735666237336436613163306432343236323965633035643338613635646338363866223b6964656e746974797c733a31393a2261646d696e406d79626f6e666972652e636f6d223b726f6c655f69647c733a313a2231223b6c6f676765645f696e7c623a313b6c616e67756167657c733a373a22656e676c697368223b),
('r6p1du89o11c6ieecn4u3s1sergsf7de', '127.0.0.1', 1594693125, 0x5f5f63695f6c6173745f726567656e65726174657c693a313539343639333030353b7265717565737465645f706167657c733a35363a22687474703a2f2f6d792e736974652e636f6d2f696e6465782e7068702f61646d696e2f636f6e74656e742f6974656d732f6765744974656d223b70726576696f75735f706167657c733a35363a22687474703a2f2f6d792e736974652e636f6d2f696e6465782e7068702f61646d696e2f636f6e74656e742f6974656d732f6765744974656d223b757365725f69647c733a313a2232223b617574685f637573746f6d7c733a373a2261646974796173223b757365725f746f6b656e7c733a34303a2264653366353061623034316638323164616132393166376635343364393732623734346232383832223b6964656e746974797c733a373a2261646974796173223b726f6c655f69647c733a313a2231223b6c6f676765645f696e7c623a313b6c616e67756167657c733a373a22656e676c697368223b),
('r7pvc1m443ed6b2m08kq236pkrn2jhf7', '127.0.0.1', 1593996194, 0x5f5f63695f6c6173745f726567656e65726174657c693a313539333939363139343b7265717565737465645f706167657c733a37333a22687474703a2f2f6d792e736974652e636f6d2f696e6465782e7068702f646f63732f646576656c6f7065722f62617369635f636f6e63657074732f626f6e666972655f6d6f64656c73223b70726576696f75735f706167657c733a37333a22687474703a2f2f6d792e736974652e636f6d2f696e6465782e7068702f646f63732f646576656c6f7065722f62617369635f636f6e63657074732f626f6e666972655f6d6f64656c73223b),
('rjd390njmr54t378k7rnrht1cgpk48ek', '127.0.0.1', 1593712972, 0x5f5f63695f6c6173745f726567656e65726174657c693a313539333731323631373b7265717565737465645f706167657c733a35363a22687474703a2f2f6d792e736974652e636f6d2f696e6465782e7068702f61646d696e2f73657474696e67732f656d61696c65722f74657374223b70726576696f75735f706167657c733a35363a22687474703a2f2f6d792e736974652e636f6d2f696e6465782e7068702f61646d696e2f73657474696e67732f656d61696c65722f74657374223b757365725f69647c733a313a2231223b617574685f637573746f6d7c733a353a2261646d696e223b757365725f746f6b656e7c733a34303a2264306266303735666237336436613163306432343236323965633035643338613635646338363866223b6964656e746974797c733a353a2261646d696e223b726f6c655f69647c733a313a2231223b6c6f676765645f696e7c623a313b6c616e67756167657c733a373a22656e676c697368223b),
('rm635srhpk5subqgdm10bh4drq2esl84', '127.0.0.1', 1594624203, 0x5f5f63695f6c6173745f726567656e65726174657c693a313539343632343230333b757365725f69647c733a313a2232223b617574685f637573746f6d7c733a373a2261646974796173223b757365725f746f6b656e7c733a34303a2264653366353061623034316638323164616132393166376635343364393732623734346232383832223b6964656e746974797c733a373a2261646974796173223b726f6c655f69647c733a313a2231223b6c6f676765645f696e7c623a313b7265717565737465645f706167657c733a35363a22687474703a2f2f6d792e736974652e636f6d2f696e6465782e7068702f61646d696e2f636f6e74656e742f6974656d732f6765744974656d223b70726576696f75735f706167657c733a35363a22687474703a2f2f6d792e736974652e636f6d2f696e6465782e7068702f61646d696e2f636f6e74656e742f6974656d732f6765744974656d223b6c616e67756167657c733a373a22656e676c697368223b),
('rsnim1lq0bu19s6g8bk2fal48p544k03', '127.0.0.1', 1594560159, 0x5f5f63695f6c6173745f726567656e65726174657c693a313539343536303135393b),
('s34lpabkp9ek78kpn3rjagcnj4greqjs', '127.0.0.1', 1594562420, 0x5f5f63695f6c6173745f726567656e65726174657c693a313539343536323432303b7265717565737465645f706167657c733a32383a22687474703a2f2f6d792e736974652e636f6d2f696e6465782e706870223b70726576696f75735f706167657c733a32383a22687474703a2f2f6d792e736974652e636f6d2f696e6465782e706870223b),
('s3vkfbt7cribnkrmuhguu2hvudplt7ua', '127.0.0.1', 1594004270, 0x5f5f63695f6c6173745f726567656e65726174657c693a313539343030343237303b7265717565737465645f706167657c733a37333a22687474703a2f2f6d792e736974652e636f6d2f696e6465782e7068702f646f63732f646576656c6f7065722f62617369635f636f6e63657074732f626f6e666972655f6d6f64656c73223b70726576696f75735f706167657c733a37333a22687474703a2f2f6d792e736974652e636f6d2f696e6465782e7068702f646f63732f646576656c6f7065722f62617369635f636f6e63657074732f626f6e666972655f6d6f64656c73223b),
('s65kb50fju667oflpi7lte66q1m54b05', '127.0.0.1', 1593532650, 0x5f5f63695f6c6173745f726567656e65726174657c693a313539333533323635303b7265717565737465645f706167657c733a34323a22687474703a2f2f6d792e736974652e636f6d2f696e6465782e7068702f61646d696e2f636f6e74656e74223b70726576696f75735f706167657c733a34323a22687474703a2f2f6d792e736974652e636f6d2f696e6465782e7068702f61646d696e2f636f6e74656e74223b757365725f69647c733a313a2231223b617574685f637573746f6d7c733a353a2261646d696e223b757365725f746f6b656e7c733a34303a2264306266303735666237336436613163306432343236323965633035643338613635646338363866223b6964656e746974797c733a31393a2261646d696e406d79626f6e666972652e636f6d223b726f6c655f69647c733a313a2231223b6c6f676765645f696e7c623a313b6c616e67756167657c733a373a22656e676c697368223b),
('sdthq6fkkiumr7dk6al2jahgimp9tntm', '127.0.0.1', 1593862833, 0x5f5f63695f6c6173745f726567656e65726174657c693a313539333836323833303b7265717565737465645f706167657c733a37383a22687474703a2f2f6d792e736974652e636f6d2f696e6465782e7068702f646f63732f646576656c6f7065722f62617369635f636f6e63657074732f776f726b696e675f776974685f617373657473223b70726576696f75735f706167657c733a37383a22687474703a2f2f6d792e736974652e636f6d2f696e6465782e7068702f646f63732f646576656c6f7065722f62617369635f636f6e63657074732f776f726b696e675f776974685f617373657473223b),
('sio6m0rqh91u18nsl558gr2hj232nian', '127.0.0.1', 1594043219, 0x5f5f63695f6c6173745f726567656e65726174657c693a313539343034333231333b7265717565737465645f706167657c733a36333a22687474703a2f2f6d792e736974652e636f6d2f696e6465782e7068702f646f63732f646576656c6f7065722f73746172745f686572652f7475745f626c6f67223b70726576696f75735f706167657c733a36333a22687474703a2f2f6d792e736974652e636f6d2f696e6465782e7068702f646f63732f646576656c6f7065722f73746172745f686572652f7475745f626c6f67223b),
('sle14svlqqbo4gjvq9ajov4srruvtoaq', '127.0.0.1', 1594130102, 0x5f5f63695f6c6173745f726567656e65726174657c693a313539343133303130323b7265717565737465645f706167657c733a36303a22687474703a2f2f6d792e736974652e636f6d2f696e6465782e7068702f646f63732f646576656c6f7065722f6c69627261726965732f617373657473223b70726576696f75735f706167657c733a36303a22687474703a2f2f6d792e736974652e636f6d2f696e6465782e7068702f646f63732f646576656c6f7065722f6c69627261726965732f617373657473223b),
('ss0pr3ocsu9t2bepua6b6ikr5m7c9mjl', '127.0.0.1', 1593610741, 0x5f5f63695f6c6173745f726567656e65726174657c693a313539333631303734313b7265717565737465645f706167657c733a34323a22687474703a2f2f6d792e736974652e636f6d2f696e6465782e7068702f61646d696e2f636f6e74656e74223b757365725f69647c733a313a2231223b617574685f637573746f6d7c733a353a2261646d696e223b757365725f746f6b656e7c733a34303a2264306266303735666237336436613163306432343236323965633035643338613635646338363866223b6964656e746974797c733a31393a2261646d696e406d79626f6e666972652e636f6d223b726f6c655f69647c733a313a2231223b6c6f676765645f696e7c623a313b6c616e67756167657c733a373a22656e676c697368223b70726576696f75735f706167657c733a34323a22687474703a2f2f6d792e736974652e636f6d2f696e6465782e7068702f61646d696e2f636f6e74656e74223b),
('tip046jrs4orn9ss97ji6m9h3qp7847h', '127.0.0.1', 1593535313, 0x5f5f63695f6c6173745f726567656e65726174657c693a313539333533353331333b7265717565737465645f706167657c733a34323a22687474703a2f2f6d792e736974652e636f6d2f696e6465782e7068702f61646d696e2f636f6e74656e74223b70726576696f75735f706167657c733a34323a22687474703a2f2f6d792e736974652e636f6d2f696e6465782e7068702f61646d696e2f636f6e74656e74223b757365725f69647c733a313a2231223b617574685f637573746f6d7c733a353a2261646d696e223b757365725f746f6b656e7c733a34303a2264306266303735666237336436613163306432343236323965633035643338613635646338363866223b6964656e746974797c733a31393a2261646d696e406d79626f6e666972652e636f6d223b726f6c655f69647c733a313a2231223b6c6f676765645f696e7c623a313b6c616e67756167657c733a373a22656e676c697368223b),
('tnenetd4ajnvt7plj1jfo4psr65flpkk', '127.0.0.1', 1594606564, 0x5f5f63695f6c6173745f726567656e65726174657c693a313539343630363536343b7265717565737465645f706167657c733a32383a22687474703a2f2f6d792e736974652e636f6d2f696e6465782e706870223b757365725f69647c733a313a2232223b617574685f637573746f6d7c733a373a2261646974796173223b757365725f746f6b656e7c733a34303a2264653366353061623034316638323164616132393166376635343364393732623734346232383832223b6964656e746974797c733a373a2261646974796173223b726f6c655f69647c733a313a2231223b6c6f676765645f696e7c623a313b6c616e67756167657c733a373a22656e676c697368223b70726576696f75735f706167657c733a32383a22687474703a2f2f6d792e736974652e636f6d2f696e6465782e706870223b),
('tsbf2tc49ufnr413ki54hg60tv809q8a', '127.0.0.1', 1594290204, 0x5f5f63695f6c6173745f726567656e65726174657c693a313539343239303139393b7265717565737465645f706167657c733a36333a22687474703a2f2f6d792e736974652e636f6d2f696e6465782e7068702f646f63732f646576656c6f7065722f73746172745f686572652f7475745f626c6f67223b70726576696f75735f706167657c733a36333a22687474703a2f2f6d792e736974652e636f6d2f696e6465782e7068702f646f63732f646576656c6f7065722f73746172745f686572652f7475745f626c6f67223b),
('tsggn4la8ihm63dp74e53ijrk3or7da0', '127.0.0.1', 1593995399, 0x5f5f63695f6c6173745f726567656e65726174657c693a313539333939353339393b7265717565737465645f706167657c733a37333a22687474703a2f2f6d792e736974652e636f6d2f696e6465782e7068702f646f63732f646576656c6f7065722f62617369635f636f6e63657074732f626f6e666972655f6d6f64656c73223b70726576696f75735f706167657c733a37333a22687474703a2f2f6d792e736974652e636f6d2f696e6465782e7068702f646f63732f646576656c6f7065722f62617369635f636f6e63657074732f626f6e666972655f6d6f64656c73223b),
('ttbnse32av19igo1h35htevjunndgg41', '127.0.0.1', 1593536260, 0x5f5f63695f6c6173745f726567656e65726174657c693a313539333533363236303b7265717565737465645f706167657c733a34323a22687474703a2f2f6d792e736974652e636f6d2f696e6465782e7068702f61646d696e2f636f6e74656e74223b70726576696f75735f706167657c733a34323a22687474703a2f2f6d792e736974652e636f6d2f696e6465782e7068702f61646d696e2f636f6e74656e74223b757365725f69647c733a313a2231223b617574685f637573746f6d7c733a353a2261646d696e223b757365725f746f6b656e7c733a34303a2264306266303735666237336436613163306432343236323965633035643338613635646338363866223b6964656e746974797c733a31393a2261646d696e406d79626f6e666972652e636f6d223b726f6c655f69647c733a313a2231223b6c6f676765645f696e7c623a313b6c616e67756167657c733a373a22656e676c697368223b),
('u4j3pubouk0b27tjvn350ete60bjkmif', '127.0.0.1', 1594693876, 0x5f5f63695f6c6173745f726567656e65726174657c693a313539343639333837363b7265717565737465645f706167657c733a35363a22687474703a2f2f6d792e736974652e636f6d2f696e6465782e7068702f61646d696e2f636f6e74656e742f6974656d732f6765744974656d223b70726576696f75735f706167657c733a35363a22687474703a2f2f6d792e736974652e636f6d2f696e6465782e7068702f61646d696e2f636f6e74656e742f6974656d732f6765744974656d223b757365725f69647c733a313a2232223b617574685f637573746f6d7c733a373a2261646974796173223b757365725f746f6b656e7c733a34303a2264653366353061623034316638323164616132393166376635343364393732623734346232383832223b6964656e746974797c733a373a2261646974796173223b726f6c655f69647c733a313a2231223b6c6f676765645f696e7c623a313b6c616e67756167657c733a373a22656e676c697368223b),
('ufb975m056p40rbovue33cuf1u56hgge', '127.0.0.1', 1594563227, 0x5f5f63695f6c6173745f726567656e65726174657c693a313539343536333232373b7265717565737465645f706167657c733a32383a22687474703a2f2f6d792e736974652e636f6d2f696e6465782e706870223b70726576696f75735f706167657c733a32383a22687474703a2f2f6d792e736974652e636f6d2f696e6465782e706870223b),
('ut7vf1k1o1dvbs0hso87m0hnslj4rbkk', '127.0.0.1', 1594090449, 0x5f5f63695f6c6173745f726567656e65726174657c693a313539343039303434373b7265717565737465645f706167657c733a36333a22687474703a2f2f6d792e736974652e636f6d2f696e6465782e7068702f646f63732f646576656c6f7065722f73746172745f686572652f7475745f626c6f67223b70726576696f75735f706167657c733a36333a22687474703a2f2f6d792e736974652e636f6d2f696e6465782e7068702f646f63732f646576656c6f7065722f73746172745f686572652f7475745f626c6f67223b),
('v7alpq2ld65dqchjfmkp4cj2vvf68dlu', '127.0.0.1', 1594605612, 0x5f5f63695f6c6173745f726567656e65726174657c693a313539343630353631323b7265717565737465645f706167657c733a35363a22687474703a2f2f6d792e736974652e636f6d2f696e6465782e7068702f61646d696e2f636f6e74656e742f6974656d732f6765744974656d223b757365725f69647c733a313a2232223b617574685f637573746f6d7c733a373a2261646974796173223b757365725f746f6b656e7c733a34303a2264653366353061623034316638323164616132393166376635343364393732623734346232383832223b6964656e746974797c733a373a2261646974796173223b726f6c655f69647c733a313a2231223b6c6f676765645f696e7c623a313b6c616e67756167657c733a373a22656e676c697368223b70726576696f75735f706167657c733a35363a22687474703a2f2f6d792e736974652e636f6d2f696e6465782e7068702f61646d696e2f636f6e74656e742f6974656d732f6765744974656d223b);

-- --------------------------------------------------------

--
-- Table structure for table `bf_email_queue`
--

CREATE TABLE `bf_email_queue` (
  `id` int(11) NOT NULL,
  `to_email` varchar(254) NOT NULL,
  `subject` varchar(255) NOT NULL,
  `message` text NOT NULL,
  `alt_message` text DEFAULT NULL,
  `max_attempts` int(11) NOT NULL DEFAULT 3,
  `attempts` int(11) NOT NULL DEFAULT 0,
  `success` tinyint(1) NOT NULL DEFAULT 0,
  `date_published` datetime DEFAULT NULL,
  `last_attempt` datetime DEFAULT NULL,
  `date_sent` datetime DEFAULT NULL,
  `csv_attachment` text DEFAULT NULL
) ENGINE=InnoDB DEFAULT CHARSET=utf8;

-- --------------------------------------------------------

--
-- Table structure for table `bf_items`
--

CREATE TABLE `bf_items` (
  `id` bigint(20) UNSIGNED NOT NULL,
  `itemID` bigint(20) NOT NULL,
  `shopID` bigint(20) NOT NULL,
  `name` text NOT NULL,
  `alias` text NOT NULL,
  `price` float NOT NULL,
  `priceCurrency` varchar(8) NOT NULL,
  `lastUpdatePrice` datetime NOT NULL,
  `description` text NOT NULL,
  `minOrder` int(4) NOT NULL,
  `maxOrder` int(4) NOT NULL,
  `status` varchar(16) NOT NULL,
  `weight` float NOT NULL,
  `weightUnit` varchar(16) NOT NULL,
  `condition` varchar(8) NOT NULL,
  `url` varchar(255) NOT NULL,
  `sku` varchar(16) DEFAULT NULL,
  `gtin` varchar(16) DEFAULT NULL,
  `isKreasiLokal` tinyint(1) NOT NULL,
  `isMustInsurance` tinyint(1) NOT NULL,
  `isEligibleCOD` tinyint(1) NOT NULL,
  `isLeasing` tinyint(1) NOT NULL,
  `catalogID` int(16) DEFAULT NULL,
  `needPrescription` tinyint(1) NOT NULL,
  `created_on` datetime NOT NULL,
  `modified_on` datetime DEFAULT '0000-00-00 00:00:00',
  `deleted` tinyint(1) NOT NULL DEFAULT 0
) ENGINE=InnoDB DEFAULT CHARSET=utf8 ROW_FORMAT=COMPACT;

-- --------------------------------------------------------

--
-- Table structure for table `bf_login_attempts`
--

CREATE TABLE `bf_login_attempts` (
  `id` bigint(20) NOT NULL,
  `ip_address` varchar(45) NOT NULL,
  `login` varchar(255) NOT NULL,
  `time` timestamp NOT NULL DEFAULT current_timestamp()
) ENGINE=InnoDB DEFAULT CHARSET=utf8;

-- --------------------------------------------------------

--
-- Table structure for table `bf_permissions`
--

CREATE TABLE `bf_permissions` (
  `permission_id` int(11) NOT NULL,
  `name` varchar(255) NOT NULL,
  `description` varchar(100) NOT NULL,
  `status` enum('active','inactive','deleted') NOT NULL DEFAULT 'active'
) ENGINE=InnoDB DEFAULT CHARSET=utf8;

--
-- Dumping data for table `bf_permissions`
--

INSERT INTO `bf_permissions` (`permission_id`, `name`, `description`, `status`) VALUES
(2, 'Site.Content.View', 'Allow users to view the Content Context', 'active'),
(3, 'Site.Reports.View', 'Allow users to view the Reports Context', 'active'),
(4, 'Site.Settings.View', 'Allow users to view the Settings Context', 'active'),
(5, 'Site.Developer.View', 'Allow users to view the Developer Context', 'active'),
(6, 'Bonfire.Roles.Manage', 'Allow users to manage the user Roles', 'active'),
(7, 'Bonfire.Users.Manage', 'Allow users to manage the site Users', 'active'),
(8, 'Bonfire.Users.View', 'Allow users access to the User Settings', 'active'),
(9, 'Bonfire.Users.Add', 'Allow users to add new Users', 'active'),
(10, 'Bonfire.Database.Manage', 'Allow users to manage the Database settings', 'active'),
(11, 'Bonfire.Emailer.Manage', 'Allow users to manage the Emailer settings', 'active'),
(12, 'Bonfire.Logs.View', 'Allow users access to the Log details', 'active'),
(13, 'Bonfire.Logs.Manage', 'Allow users to manage the Log files', 'active'),
(14, 'Bonfire.Emailer.View', 'Allow users access to the Emailer settings', 'active'),
(15, 'Site.Signin.Offline', 'Allow users to login to the site when the site is offline', 'active'),
(16, 'Bonfire.Permissions.View', 'Allow access to view the Permissions menu unders Settings Context', 'active'),
(17, 'Bonfire.Permissions.Manage', 'Allow access to manage the Permissions in the system', 'active'),
(18, 'Bonfire.Modules.Add', 'Allow creation of modules with the builder.', 'active'),
(19, 'Bonfire.Modules.Delete', 'Allow deletion of modules.', 'active'),
(20, 'Permissions.Administrator.Manage', 'To manage the access control permissions for the Administrator role.', 'active'),
(21, 'Permissions.Editor.Manage', 'To manage the access control permissions for the Editor role.', 'active'),
(23, 'Permissions.User.Manage', 'To manage the access control permissions for the User role.', 'active'),
(24, 'Permissions.Developer.Manage', 'To manage the access control permissions for the Developer role.', 'active'),
(26, 'Activities.Own.View', 'To view the users own activity logs', 'active'),
(27, 'Activities.Own.Delete', 'To delete the users own activity logs', 'active'),
(28, 'Activities.User.View', 'To view the user activity logs', 'active'),
(29, 'Activities.User.Delete', 'To delete the user activity logs, except own', 'active'),
(30, 'Activities.Module.View', 'To view the module activity logs', 'active'),
(31, 'Activities.Module.Delete', 'To delete the module activity logs', 'active'),
(32, 'Activities.Date.View', 'To view the users own activity logs', 'active'),
(33, 'Activities.Date.Delete', 'To delete the dated activity logs', 'active'),
(34, 'Bonfire.UI.Manage', 'Manage the Bonfire UI settings', 'active'),
(35, 'Bonfire.Settings.View', 'To view the site settings page.', 'active'),
(36, 'Bonfire.Settings.Manage', 'To manage the site settings.', 'active'),
(37, 'Bonfire.Activities.View', 'To view the Activities menu.', 'active'),
(38, 'Bonfire.Database.View', 'To view the Database menu.', 'active'),
(39, 'Bonfire.Migrations.View', 'To view the Migrations menu.', 'active'),
(40, 'Bonfire.Builder.View', 'To view the Modulebuilder menu.', 'active'),
(41, 'Bonfire.Roles.View', 'To view the Roles menu.', 'active'),
(42, 'Bonfire.Sysinfo.View', 'To view the System Information page.', 'active'),
(43, 'Bonfire.Translate.Manage', 'To manage the Language Translation.', 'active'),
(44, 'Bonfire.Translate.View', 'To view the Language Translate menu.', 'active'),
(45, 'Bonfire.UI.View', 'To view the UI/Keyboard Shortcut menu.', 'active'),
(48, 'Bonfire.Profiler.View', 'To view the Console Profiler Bar.', 'active'),
(49, 'Bonfire.Roles.Add', 'To add New Roles', 'active'),
(50, 'Bonfire.Items.View', 'View the items.', 'active'),
(51, 'Bonfire.Items.Delete', 'Delete items', 'active');

-- --------------------------------------------------------

--
-- Table structure for table `bf_roles`
--

CREATE TABLE `bf_roles` (
  `role_id` int(11) NOT NULL,
  `role_name` varchar(60) NOT NULL,
  `description` varchar(255) DEFAULT NULL,
  `default` tinyint(1) NOT NULL DEFAULT 0,
  `can_delete` tinyint(1) NOT NULL DEFAULT 1,
  `login_destination` varchar(255) NOT NULL DEFAULT '/',
  `default_context` varchar(255) DEFAULT 'content',
  `deleted` int(1) NOT NULL DEFAULT 0
) ENGINE=InnoDB DEFAULT CHARSET=utf8;

--
-- Dumping data for table `bf_roles`
--

INSERT INTO `bf_roles` (`role_id`, `role_name`, `description`, `default`, `can_delete`, `login_destination`, `default_context`, `deleted`) VALUES
(1, 'Administrator', 'Has full control over every aspect of the site.', 0, 0, '', 'content', 0),
(2, 'Editor', 'Can handle day-to-day management, but does not have full power.', 0, 1, '', 'content', 0),
(4, 'User', 'This is the default user with access to login.', 1, 0, '', 'content', 0),
(6, 'Developer', 'Developers typically are the only ones that can access the developer tools. Otherwise identical to Administrators, at least until the site is handed off.', 0, 1, '', 'content', 0);

-- --------------------------------------------------------

--
-- Table structure for table `bf_role_permissions`
--

CREATE TABLE `bf_role_permissions` (
  `role_id` int(11) NOT NULL,
  `permission_id` int(11) NOT NULL
) ENGINE=InnoDB DEFAULT CHARSET=utf8;

--
-- Dumping data for table `bf_role_permissions`
--

INSERT INTO `bf_role_permissions` (`role_id`, `permission_id`) VALUES
(1, 2),
(1, 3),
(1, 4),
(1, 5),
(1, 6),
(1, 7),
(1, 8),
(1, 9),
(1, 10),
(1, 11),
(1, 12),
(1, 13),
(1, 14),
(1, 15),
(1, 16),
(1, 17),
(1, 18),
(1, 19),
(1, 20),
(1, 21),
(1, 23),
(1, 24),
(1, 26),
(1, 27),
(1, 28),
(1, 29),
(1, 30),
(1, 31),
(1, 32),
(1, 33),
(1, 34),
(1, 35),
(1, 36),
(1, 37),
(1, 38),
(1, 39),
(1, 40),
(1, 41),
(1, 42),
(1, 43),
(1, 44),
(1, 45),
(1, 48),
(1, 49),
(1, 50),
(1, 51),
(2, 2),
(2, 3),
(6, 2),
(6, 3),
(6, 4),
(6, 5),
(6, 6),
(6, 7),
(6, 8),
(6, 9),
(6, 10),
(6, 11),
(6, 12),
(6, 13),
(6, 48);

-- --------------------------------------------------------

--
-- Table structure for table `bf_schema_version`
--

CREATE TABLE `bf_schema_version` (
  `type` varchar(40) NOT NULL,
  `version` int(4) NOT NULL DEFAULT 0
) ENGINE=InnoDB DEFAULT CHARSET=utf8;

--
-- Dumping data for table `bf_schema_version`
--

INSERT INTO `bf_schema_version` (`type`, `version`) VALUES
('core', 44),
('items_', 1);

-- --------------------------------------------------------

--
-- Table structure for table `bf_sessions`
--

CREATE TABLE `bf_sessions` (
  `session_id` varchar(40) NOT NULL DEFAULT '0',
  `ip_address` varchar(45) NOT NULL DEFAULT '0',
  `user_agent` varchar(120) NOT NULL,
  `last_activity` int(10) UNSIGNED NOT NULL DEFAULT 0,
  `user_data` text NOT NULL
) ENGINE=InnoDB DEFAULT CHARSET=utf8;

-- --------------------------------------------------------

--
-- Table structure for table `bf_settings`
--

CREATE TABLE `bf_settings` (
  `name` varchar(30) NOT NULL,
  `module` varchar(255) NOT NULL,
  `value` varchar(255) NOT NULL
) ENGINE=InnoDB DEFAULT CHARSET=utf8;

--
-- Dumping data for table `bf_settings`
--

INSERT INTO `bf_settings` (`name`, `module`, `value`) VALUES
('auth.allow_name_change', 'core', '1'),
('auth.allow_register', 'core', '1'),
('auth.allow_remember', 'core', '1'),
('auth.do_login_redirect', 'core', '1'),
('auth.login_type', 'core', 'both'),
('auth.name_change_frequency', 'core', '1'),
('auth.name_change_limit', 'core', '1'),
('auth.password_force_mixed_case', 'core', '0'),
('auth.password_force_numbers', 'core', '0'),
('auth.password_force_symbols', 'core', '0'),
('auth.password_min_length', 'core', '8'),
('auth.password_show_labels', 'core', '0'),
('auth.remember_length', 'core', '1209600'),
('auth.user_activation_method', 'core', '1'),
('auth.use_extended_profile', 'core', '0'),
('auth.use_usernames', 'core', '1'),
('ext.country', 'core', 'US'),
('ext.state', 'core', ''),
('ext.street_name', 'core', ''),
('ext.type', 'core', 'small'),
('form_save', 'core.ui', 'ctrl+s/+s'),
('goto_content', 'core.ui', 'alt+c'),
('mailpath', 'email', '/usr/sbin/sendmail'),
('mailtype', 'email', 'text'),
('password_iterations', 'users', '8'),
('protocol', 'email', 'mail'),
('sender_email', 'email', ''),
('site.languages', 'core', 'a:1:{i:0;s:7:\"english\";}'),
('site.list_limit', 'core', '25'),
('site.offline_reason', 'core', ''),
('site.show_front_profiler', 'core', '0'),
('site.show_profiler', 'core', '0'),
('site.status', 'core', '1'),
('site.system_email', 'core', 'admin@mybonfire.com'),
('site.title', 'core', 'Bluemega AMT'),
('smtp_host', 'email', ''),
('smtp_pass', 'email', ''),
('smtp_port', 'email', ''),
('smtp_timeout', 'email', ''),
('smtp_user', 'email', '');

-- --------------------------------------------------------

--
-- Table structure for table `bf_users`
--

CREATE TABLE `bf_users` (
  `id` bigint(20) UNSIGNED NOT NULL,
  `role_id` int(11) NOT NULL DEFAULT 4,
  `email` varchar(254) NOT NULL,
  `username` varchar(30) NOT NULL DEFAULT '',
  `password_hash` char(60) DEFAULT NULL,
  `reset_hash` varchar(40) DEFAULT NULL,
  `last_login` datetime NOT NULL DEFAULT '0000-00-00 00:00:00',
  `last_ip` varchar(45) NOT NULL DEFAULT '',
  `created_on` datetime NOT NULL DEFAULT '0000-00-00 00:00:00',
  `deleted` tinyint(1) NOT NULL DEFAULT 0,
  `reset_by` int(10) DEFAULT NULL,
  `banned` tinyint(1) NOT NULL DEFAULT 0,
  `ban_message` varchar(255) DEFAULT NULL,
  `display_name` varchar(255) DEFAULT '',
  `display_name_changed` date DEFAULT NULL,
  `timezone` varchar(40) NOT NULL DEFAULT 'UM6',
  `language` varchar(20) NOT NULL DEFAULT 'english',
  `active` tinyint(1) NOT NULL DEFAULT 0,
  `activate_hash` varchar(40) NOT NULL DEFAULT '',
  `force_password_reset` tinyint(1) DEFAULT 0
) ENGINE=InnoDB DEFAULT CHARSET=utf8;

--
-- Dumping data for table `bf_users`
--

INSERT INTO `bf_users` (`id`, `role_id`, `email`, `username`, `password_hash`, `reset_hash`, `last_login`, `last_ip`, `created_on`, `deleted`, `reset_by`, `banned`, `ban_message`, `display_name`, `display_name_changed`, `timezone`, `language`, `active`, `activate_hash`, `force_password_reset`) VALUES
(1, 1, 'admin@mybonfire.com', 'admin', '$2a$08$RKZkV4YD3YXtoJyQmgJo..5Lkbzj3m/YSCxiQjMe4PLatywNBQ8xC', NULL, '2020-07-14 10:40:15', '127.0.0.1', '2020-06-30 22:41:28', 0, NULL, 0, NULL, 'admin', NULL, 'UM6', 'english', 1, '', 0),
(2, 1, 'adityasrucitra@gmail.com', 'adityas', '$2a$08$wfYBQwpJ8ihuSaC4EMfef.85Kn/LUn.oEjw0MWuAG6uR79hSqRTPa', NULL, '2020-07-14 09:17:10', '127.0.0.1', '2020-07-02 23:08:16', 0, NULL, 0, NULL, 'adityas rucitra', NULL, 'UP7', 'english', 1, '', 0);

-- --------------------------------------------------------

--
-- Table structure for table `bf_user_cookies`
--

CREATE TABLE `bf_user_cookies` (
  `user_id` bigint(20) UNSIGNED NOT NULL,
  `token` varchar(128) NOT NULL,
  `created_on` datetime NOT NULL
) ENGINE=InnoDB DEFAULT CHARSET=utf8;

-- --------------------------------------------------------

--
-- Table structure for table `bf_user_meta`
--

CREATE TABLE `bf_user_meta` (
  `meta_id` int(20) UNSIGNED NOT NULL,
  `user_id` bigint(20) UNSIGNED NOT NULL DEFAULT 0,
  `meta_key` varchar(255) NOT NULL DEFAULT '',
  `meta_value` text DEFAULT NULL
) ENGINE=InnoDB DEFAULT CHARSET=utf8;

--
-- Dumping data for table `bf_user_meta`
--

INSERT INTO `bf_user_meta` (`meta_id`, `user_id`, `meta_key`, `meta_value`) VALUES
(1, 2, 'state', 'JI'),
(2, 2, 'country', 'ID');

--
-- Indexes for dumped tables
--

--
-- Indexes for table `bf_activities`
--
ALTER TABLE `bf_activities`
  ADD PRIMARY KEY (`activity_id`);

--
-- Indexes for table `bf_ci3_sessions`
--
ALTER TABLE `bf_ci3_sessions`
  ADD PRIMARY KEY (`id`);

--
-- Indexes for table `bf_email_queue`
--
ALTER TABLE `bf_email_queue`
  ADD PRIMARY KEY (`id`);

--
-- Indexes for table `bf_items`
--
ALTER TABLE `bf_items`
  ADD PRIMARY KEY (`id`);

--
-- Indexes for table `bf_login_attempts`
--
ALTER TABLE `bf_login_attempts`
  ADD PRIMARY KEY (`id`);

--
-- Indexes for table `bf_permissions`
--
ALTER TABLE `bf_permissions`
  ADD PRIMARY KEY (`permission_id`);

--
-- Indexes for table `bf_roles`
--
ALTER TABLE `bf_roles`
  ADD PRIMARY KEY (`role_id`);

--
-- Indexes for table `bf_role_permissions`
--
ALTER TABLE `bf_role_permissions`
  ADD PRIMARY KEY (`role_id`,`permission_id`);

--
-- Indexes for table `bf_schema_version`
--
ALTER TABLE `bf_schema_version`
  ADD PRIMARY KEY (`type`);

--
-- Indexes for table `bf_sessions`
--
ALTER TABLE `bf_sessions`
  ADD PRIMARY KEY (`session_id`);

--
-- Indexes for table `bf_settings`
--
ALTER TABLE `bf_settings`
  ADD PRIMARY KEY (`name`);

--
-- Indexes for table `bf_users`
--
ALTER TABLE `bf_users`
  ADD PRIMARY KEY (`id`),
  ADD KEY `email` (`email`);

--
-- Indexes for table `bf_user_cookies`
--
ALTER TABLE `bf_user_cookies`
  ADD KEY `token` (`token`);

--
-- Indexes for table `bf_user_meta`
--
ALTER TABLE `bf_user_meta`
  ADD PRIMARY KEY (`meta_id`);

--
-- AUTO_INCREMENT for dumped tables
--

--
-- AUTO_INCREMENT for table `bf_activities`
--
ALTER TABLE `bf_activities`
  MODIFY `activity_id` bigint(20) NOT NULL AUTO_INCREMENT, AUTO_INCREMENT=46;
--
-- AUTO_INCREMENT for table `bf_email_queue`
--
ALTER TABLE `bf_email_queue`
  MODIFY `id` int(11) NOT NULL AUTO_INCREMENT;
--
-- AUTO_INCREMENT for table `bf_items`
--
ALTER TABLE `bf_items`
  MODIFY `id` bigint(20) UNSIGNED NOT NULL AUTO_INCREMENT;
--
-- AUTO_INCREMENT for table `bf_login_attempts`
--
ALTER TABLE `bf_login_attempts`
  MODIFY `id` bigint(20) NOT NULL AUTO_INCREMENT, AUTO_INCREMENT=5;
--
-- AUTO_INCREMENT for table `bf_permissions`
--
ALTER TABLE `bf_permissions`
  MODIFY `permission_id` int(11) NOT NULL AUTO_INCREMENT, AUTO_INCREMENT=52;
--
-- AUTO_INCREMENT for table `bf_roles`
--
ALTER TABLE `bf_roles`
  MODIFY `role_id` int(11) NOT NULL AUTO_INCREMENT, AUTO_INCREMENT=7;
--
-- AUTO_INCREMENT for table `bf_users`
--
ALTER TABLE `bf_users`
  MODIFY `id` bigint(20) UNSIGNED NOT NULL AUTO_INCREMENT, AUTO_INCREMENT=3;
--
-- AUTO_INCREMENT for table `bf_user_meta`
--
ALTER TABLE `bf_user_meta`
  MODIFY `meta_id` int(20) UNSIGNED NOT NULL AUTO_INCREMENT, AUTO_INCREMENT=3;
/*!40101 SET CHARACTER_SET_CLIENT=@OLD_CHARACTER_SET_CLIENT */;
/*!40101 SET CHARACTER_SET_RESULTS=@OLD_CHARACTER_SET_RESULTS */;
/*!40101 SET COLLATION_CONNECTION=@OLD_COLLATION_CONNECTION */;
